original	template	chain_o	chain_t	wt_aa	mut_aa	res_o	res_t	res_m
7JSP	3HMH	A	A	M	H	1520	1539	22
7JSP	3HMH	A	A	A	N	1624	1643	126
7JSP	3HMH	A	A	V	S	1522	1541	24
7JSP	3HMH	A	A	T	N	1590	1609	92
7JSP	3HMH	A	A	V	Q	1515	1534	17
7JSP	3HMH	A	A	S	F	1567	1586	69
7JSP	3HMH	A	A	V	G	1545	1564	47
7JSP	3HMH	A	A	Q	T	1613	1632	115
7JSP	3HMH	A	A	V	K	1505	1524	7
7JSP	3HMH	A	A	N	E	1556	1575	58
7JSP	3HMH	A	A	K	S	1518	1537	20
7JSP	3HMH	A	A	R	G	1554	1573	56
7JSP	3HMH	A	A	L	C	1631	1650	133
7JSP	3HMH	A	A	N	R	1578	1597	80
7JSP	3HMH	A	A	T	A	1516	1535	18
7JSP	3HMH	A	A	I	M	1553	1572	55
7JSP	3HMH	A	A	T	G	1612	1631	114
7JSP	3HMH	A	A	D	Q	1570	1589	72
7JSP	3HMH	A	A	I	K	1618	1637	120
7JSP	3HMH	A	A	S	E	1525	1544	27
7JSP	3HMH	A	A	P	C	1531	1550	33
7JSP	3HMH	A	A	P	E	1585	1604	87
7JSP	3HMH	A	A	Y	I	1582	1601	84
7JSP	3HMH	A	A	E	L	1627	1646	129
7JSP	3HMH	A	A	Q	S	1517	1536	19
7JSP	3HMH	A	A	I	R	1544	1563	46
7JSP	3HMH	A	A	D	N	1512	1531	14
7JSP	3HMH	A	A	D	F	1608	1627	110
7JSP	3HMH	A	A	L	W	1614	1633	116
7JSP	3HMH	A	A	F	Q	1507	1526	9
7JSP	3HMH	A	A	A	T	1577	1596	79
7JSP	3HMH	A	A	D	S	1571	1590	73
7JSP	3HMH	A	A	F	A	1528	1547	30
7JSP	3HMH	A	A	H	R	1529	1548	31
7JSP	3HMH	A	A	A	S	1625	1644	127
7JSP	3HMH	A	A	T	Y	1620	1639	122
7JSP	3HMH	A	A	N	S	1583	1602	85
7JSP	3HMH	A	A	C	R	1619	1638	121
7JSP	3HMH	A	A	Y	G	1540	1559	42
7JSP	3HMH	A	A	E	I	1609	1628	111
7JSP	3HMH	A	A	S	Q	1508	1527	10
7JSP	3HMH	A	A	Q	I	1563	1582	65
7JSP	3HMH	A	A	N	I	1513	1532	15
7JSP	3HMH	A	A	F	S	1536	1555	38
7JSP	3HMH	A	A	T	Q	1605	1624	107
7JSP	3HMH	A	A	I	T	1575	1594	77
7JSP	3HMH	A	A	E	H	1606	1625	108
7JSP	3HMH	A	A	E	H	1551	1570	53
7JSP	3HMH	A	A	N	L	1533	1552	35
7JSP	3HMH	A	A	F	T	1568	1587	70
7JSP	3HMH	A	A	I	H	1510	1529	12
7JSP	3HMH	A	A	K	S	1581	1600	83
7JSP	3HMH	A	A	S	V	1558	1577	60
7JSP	3HMH	A	A	K	G	1534	1553	36
7JSP	3HMH	A	A	N	M	1598	1617	100
7JSP	3HMH	A	A	K	H	1559	1578	61
7JSP	3HMH	A	A	H	V	1530	1549	32
7JSP	3HMH	A	A	R	D	1565	1584	67
7JSP	3HMH	A	A	Q	M	1504	1523	6
7JSP	3HMH	A	A	T	S	1603	1622	105
7JSP	3HMH	A	A	D	W	1549	1568	51
7JSP	3HMH	A	A	D	A	1539	1558	41
7JSP	3HMH	A	A	I	T	1514	1533	16
7JSP	3HMH	A	A	Y	R	1589	1608	91
7JSP	3HMH	A	A	Y	H	1562	1581	64
7JSP	3HMH	A	A	L	S	1611	1630	113
7JSP	3HMH	A	A	V	K	1532	1551	34
7JSP	3HMH	A	A	G	A	1584	1603	86
7JSP	3HMH	A	A	E	V	1623	1642	125
7JSP	3HMH	A	A	H	C	1560	1579	62
7JSP	3HMH	A	A	L	D	1574	1593	76
7JSP	3HMH	A	A	I	C	1557	1576	59
7JSP	3HMH	A	A	E	C	1566	1585	68
7JSP	3HMH	A	A	K	H	1555	1574	57
7JSP	3HMH	A	A	K	W	1622	1641	124
7JSP	3HMH	A	A	L	T	1576	1595	78
7JSP	3HMH	A	A	E	R	1615	1634	117
7JSP	3HMH	A	A	A	C	1593	1612	95
7JSP	3HMH	A	A	P	N	1527	1546	29
7JSP	3HMH	A	A	Y	F	1607	1626	109
7JSP	3HMH	A	A	A	S	1629	1648	131
7JSP	3HMH	A	A	N	S	1573	1592	75
7JSP	3HMH	A	A	N	F	1546	1565	48
7JSP	3HMH	A	A	K	R	1542	1561	44
7JSP	3HMH	A	A	P	Q	1547	1566	49
7JSP	3HMH	A	A	F	M	1509	1528	11
7AEN	2YV8	A	A	F	W	97	104	91
7AEN	2YV8	A	A	D	G	28	35	22
7AEN	2YV8	A	A	R	D	59	66	53
7AEN	2YV8	A	A	H	S	128	135	122
7AEN	2YV8	A	A	A	R	63	70	57
7AEN	2YV8	A	A	E	G	84	91	78
7AEN	2YV8	A	A	D	M	136	143	130
7AEN	2YV8	A	A	H	L	147	154	141
7AEN	2YV8	A	A	G	M	21	28	15
7AEN	2YV8	A	A	M	G	108	115	102
7AEN	2YV8	A	A	S	K	152	159	146
7AEN	2YV8	A	A	V	Y	48	55	42
7AEN	2YV8	A	A	P	S	68	75	62
7AEN	2YV8	A	A	T	C	92	99	86
7AEN	2YV8	A	A	V	R	62	69	56
7AEN	2YV8	A	A	I	N	12	19	6
7AEN	2YV8	A	A	R	W	72	79	66
7AEN	2YV8	A	A	P	T	29	36	23
7AEN	2YV8	A	A	Y	V	126	133	120
7AEN	2YV8	A	A	S	Y	155	162	149
7AEN	2YV8	A	A	V	Y	109	116	103
7AEN	2YV8	A	A	I	M	91	98	85
7AEN	2YV8	A	A	H	M	38	45	32
7AEN	2YV8	A	A	G	Q	53	60	47
7AEN	2YV8	A	A	F	R	64	71	58
7AEN	2YV8	A	A	D	Q	112	119	106
7AEN	2YV8	A	A	V	G	144	151	138
7AEN	2YV8	A	A	N	Q	14	21	8
7AEN	2YV8	A	A	F	V	151	158	145
7AEN	2YV8	A	A	I	K	149	156	143
7AEN	2YV8	A	A	K	E	111	118	105
7AEN	2YV8	A	A	I	E	135	142	129
7AEN	2YV8	A	A	E	H	89	96	83
7AEN	2YV8	A	A	T	R	137	144	131
7AEN	2YV8	A	A	G	Q	139	146	133
7AEN	2YV8	A	A	N	L	67	74	61
7AEN	2YV8	A	A	Y	H	13	20	7
7AEN	2YV8	A	A	I	N	35	42	29
7AEN	2YV8	A	A	D	E	61	68	55
7AEN	2YV8	A	A	S	E	41	48	35
7AEN	2YV8	A	A	K	W	71	78	65
7AEN	2YV8	A	A	G	Y	74	81	68
7AEN	2YV8	A	A	G	H	30	37	24
7AEN	2YV8	A	A	N	D	79	86	73
7AEN	2YV8	A	A	P	A	58	65	52
7AEN	2YV8	A	A	F	V	114	121	108
7AEN	2YV8	A	A	I	T	33	40	27
7AEN	2YV8	A	A	P	L	96	103	90
7AEN	2YV8	A	A	I	V	146	153	140
7AEN	2YV8	A	A	L	D	27	34	21
7AEN	2YV8	A	A	F	G	70	77	64
7AEN	2YV8	A	A	F	Y	103	110	97
7AEN	2YV8	A	A	K	H	85	92	79
7AEN	2YV8	A	A	E	H	90	97	84
7AEN	2YV8	A	A	I	K	11	18	5
7AEN	2YV8	A	A	L	E	110	117	104
7AEN	2YV8	A	A	S	D	54	61	48
7AEN	2YV8	A	A	I	T	76	83	70
7AEN	2YV8	A	A	N	D	83	90	77
7AEN	2YV8	A	A	G	Q	131	138	125
7AEN	2YV8	A	A	G	C	87	94	81
7AEN	2YV8	A	A	I	H	23	30	17
7AEN	2YV8	A	A	E	Q	100	107	94
7AEN	2YV8	A	A	N	Y	145	152	139
7AEN	2YV8	A	A	I	C	82	89	76
7AEN	2YV8	A	A	H	R	122	129	116
7AEN	2YV8	A	A	V	N	77	84	71
7AEN	2YV8	A	A	K	L	134	141	128
7AEN	2YV8	A	A	Q	E	115	122	109
7AEN	2YV8	A	A	R	N	129	136	123
7AEN	2YV8	A	A	Y	C	141	148	135
7AEN	2YV8	A	A	P	L	24	31	18
7AEN	2YV8	A	A	L	M	32	39	26
7AEN	2YV8	A	A	T	Y	31	38	25
7AEN	2YV8	A	A	K	W	143	150	137
7AEN	2YV8	A	A	V	A	20	27	14
7AEN	2YV8	A	A	I	M	17	24	11
7AEN	2YV8	A	A	A	G	43	50	37
7AEN	2YV8	A	A	L	I	50	57	44
7AEN	2YV8	A	A	N	C	119	126	113
7AEN	2YV8	A	A	N	I	10	17	4
7AEN	2YV8	A	A	G	R	142	149	136
7AEN	2YV8	A	A	W	A	86	93	80
7AEN	2YV8	A	A	A	T	60	67	54
7AEN	2YV8	A	A	Q	N	26	33	20
7AEN	2YV8	A	A	A	D	73	80	67
7AEN	2YV8	A	A	S	Q	55	62	49
7AEN	2YV8	A	A	V	I	39	46	33
7AEN	2YV8	A	A	V	A	118	125	112
7AEN	2YV8	A	A	V	N	34	41	28
7AEN	2YV8	A	A	E	L	104	111	98
7AEN	2YV8	A	A	L	E	138	145	132
7AEN	2YV8	A	A	Q	K	51	58	45
7AEN	2YV8	A	A	C	F	78	85	72
7JUO	4BHW	F	A	P	W	1087	1051	8
7JUO	4BHW	F	A	L	S	1142	1106	63
7JUO	4BHW	F	A	K	W	1139	1103	60
7JUO	4BHW	F	A	Q	D	1113	1077	34
7JUO	4BHW	F	A	A	T	1164	1128	85
7JUO	4BHW	F	A	Q	A	1148	1112	69
7JUO	4BHW	F	A	I	N	1128	1092	49
7JUO	4BHW	F	A	A	N	1100	1064	21
7JUO	4BHW	F	A	Q	L	1092	1056	13
7JUO	4BHW	F	A	K	M	1083	1047	4
7JUO	4BHW	F	A	E	D	1149	1113	70
7JUO	4BHW	F	A	I	M	1084	1048	5
7JUO	4BHW	F	A	K	L	1170	1134	91
7JUO	4BHW	F	A	S	N	1108	1072	29
7JUO	4BHW	F	A	R	N	1173	1137	94
7JUO	4BHW	F	A	C	Q	1178	1142	99
7JUO	4BHW	F	A	Q	I	1118	1082	39
7JUO	4BHW	F	A	L	D	1120	1084	41
7JUO	4BHW	F	A	P	H	1114	1078	35
7JUO	4BHW	F	A	T	L	1097	1061	18
7JUO	4BHW	F	A	D	T	1105	1069	26
7JUO	4BHW	F	A	W	T	1165	1129	86
7JUO	4BHW	F	A	N	Q	1163	1127	84
7JUO	4BHW	F	A	G	D	1145	1109	66
7JUO	4BHW	F	A	R	G	1103	1067	24
7JUO	4BHW	F	A	L	E	1159	1123	80
7JUO	4BHW	F	A	W	D	1151	1115	72
7JUO	4BHW	F	A	R	E	1140	1104	61
7JUO	4BHW	F	A	P	H	1132	1096	53
7JUO	4BHW	F	A	Q	E	1104	1068	25
7JUO	4BHW	F	A	L	H	1101	1065	22
7JUO	4BHW	F	A	W	L	1158	1122	79
7JUO	4BHW	F	A	L	S	1090	1054	11
7JUO	4BHW	F	A	E	Y	1107	1071	28
7JUO	4BHW	F	A	D	W	1127	1091	48
7JUO	4BHW	F	A	E	D	1188	1152	109
7JUO	4BHW	F	A	Y	W	1167	1131	88
7JUO	4BHW	F	A	V	M	1192	1156	113
7JUO	4BHW	F	A	I	Y	1122	1086	43
7JUO	4BHW	F	A	R	M	1112	1076	33
7JUO	4BHW	F	A	P	F	1123	1087	44
7JUO	4BHW	F	A	L	H	1166	1130	87
7JUO	4BHW	F	A	K	Q	1086	1050	7
7JUO	4BHW	F	A	D	Y	1155	1119	76
7JUO	4BHW	F	A	Y	F	1125	1089	46
7JUO	4BHW	F	A	T	V	1137	1101	58
7JUO	4BHW	F	A	D	A	1143	1107	64
7JUO	4BHW	F	A	P	Y	1106	1070	27
7JUO	4BHW	F	A	F	V	1111	1075	32
7JUO	4BHW	F	A	K	W	1180	1144	101
7JUO	4BHW	F	A	P	V	1110	1074	31
7JUO	4BHW	F	A	E	H	1183	1147	104
7JUO	4BHW	F	A	M	H	1095	1059	16
7JUO	4BHW	F	A	V	Q	1154	1118	75
7JUO	4BHW	F	A	E	V	1089	1053	10
7JUO	4BHW	F	A	S	T	1172	1136	93
7JUO	4BHW	F	A	T	R	1171	1135	92
7JUO	4BHW	F	A	F	V	1126	1090	47
7JUO	4BHW	F	A	L	V	1119	1083	40
7JUO	4BHW	F	A	K	D	1176	1140	97
7JUO	4BHW	F	A	D	E	1156	1120	77
7JUO	4BHW	F	A	I	S	1138	1102	59
7JUO	4BHW	F	A	E	L	1186	1150	107
7JUO	4BHW	F	A	Q	Y	1194	1158	115
7JUO	4BHW	F	A	N	K	1168	1132	89
7JUO	4BHW	F	A	M	Y	1193	1157	114
7JUO	4BHW	F	A	L	Y	1094	1058	15
7JUO	4BHW	F	A	Y	F	1175	1139	96
7JUO	4BHW	F	A	M	T	1133	1097	54
7JUO	4BHW	F	A	P	Q	1191	1155	112
7JUO	4BHW	F	A	Y	F	1102	1066	23
7JUO	4BHW	F	A	L	T	1181	1145	102
7A2U	3UF4	A	A	S	H	102	102	20
7A2U	3UF4	A	A	L	V	101	101	19
7A2U	3UF4	A	A	D	R	142	142	60
7A2U	3UF4	A	A	K	D	105	105	23
7A2U	3UF4	A	A	V	G	88	88	6
7A2U	3UF4	A	A	H	Q	104	104	22
7A2U	3UF4	A	A	F	M	103	103	21
7A2U	3UF4	A	A	I	G	133	133	51
7A2U	3UF4	A	A	V	G	138	138	56
7A2U	3UF4	A	A	Y	K	132	132	50
7A2U	3UF4	A	A	P	Q	140	140	58
7A2U	3UF4	A	A	A	K	139	139	57
7A2U	3UF4	A	A	Y	N	137	137	55
7A2U	3UF4	A	A	V	C	141	141	59
7A2U	3UF4	A	A	A	Y	122	122	40
7A2U	3UF4	A	A	S	H	124	124	42
7A2U	3UF4	A	A	T	Q	126	126	44
7A2U	3UF4	A	A	N	D	136	136	54
7A2U	3UF4	A	A	E	T	116	116	34
7A2U	3UF4	A	A	K	D	108	108	26
7A2U	3UF4	A	A	Y	Q	93	93	11
7A2U	3UF4	A	A	L	N	86	86	4
7A2U	3UF4	A	A	E	Q	121	121	39
7A2U	3UF4	A	A	E	N	98	98	16
7A2U	3UF4	A	A	P	Q	134	134	52
7A2U	3UF4	A	A	S	T	135	135	53
7A2U	3UF4	A	A	G	A	117	117	35
7A2U	3UF4	A	A	L	D	90	90	8
7A2U	3UF4	A	A	D	T	118	118	36
7A2U	3UF4	A	A	L	M	125	125	43
7A2U	3UF4	A	A	A	H	95	95	13
7A2U	3UF4	A	A	W	Q	119	119	37
7A2U	3UF4	A	A	R	M	96	96	14
7A2U	3UF4	A	A	W	N	120	120	38
7A2U	3UF4	A	A	R	C	123	123	41
7A2U	3UF4	A	A	F	Q	87	87	5
7A2U	3UF4	A	A	G	R	131	131	49
7CXD	7DF6	A	A	P	R	125	127	9
7CXD	7DF6	A	A	F	G	169	171	53
7CXD	7DF6	A	A	D	Y	166	168	50
7CXD	7DF6	A	A	F	V	204	206	88
7CXD	7DF6	A	A	I	A	146	148	30
7CXD	7DF6	A	A	V	Y	216	218	100
7CXD	7DF6	A	A	E	S	196	198	80
7CXD	7DF6	A	A	T	N	187	189	71
7CXD	7DF6	A	A	Y	V	233	235	117
7CXD	7DF6	A	A	G	K	136	138	20
7CXD	7DF6	A	A	H	W	235	237	119
7CXD	7DF6	A	A	Q	D	199	201	83
7CXD	7DF6	A	A	N	F	179	181	63
7CXD	7DF6	A	A	P	L	173	175	57
7CXD	7DF6	A	A	F	K	171	173	55
7CXD	7DF6	A	A	T	A	127	129	11
7CXD	7DF6	A	A	D	T	219	221	103
7CXD	7DF6	A	A	C	Q	185	187	69
7CXD	7DF6	A	A	I	N	252	254	136
7CXD	7DF6	A	A	F	E	175	177	59
7CXD	7DF6	A	A	G	R	247	249	131
7CXD	7DF6	A	A	H	W	220	222	104
7CXD	7DF6	A	A	I	L	248	250	132
7CXD	7DF6	A	A	T	L	253	255	137
7CXD	7DF6	A	A	E	V	197	199	81
7CXD	7DF6	A	A	M	V	142	144	26
7CXD	7DF6	A	A	M	Q	237	239	121
7CXD	7DF6	A	A	E	S	217	219	101
7CXD	7DF6	A	A	N	G	186	188	70
7CXD	7DF6	A	A	W	Y	193	195	77
7CXD	7DF6	A	A	Q	A	232	234	116
7CXD	7DF6	A	A	G	I	137	139	21
7CXD	7DF6	A	A	N	Y	192	194	76
7CXD	7DF6	A	A	N	M	191	193	75
7CXD	7DF6	A	A	I	Y	157	159	41
7CXD	7DF6	A	A	N	E	176	178	60
7CXD	7DF6	A	A	I	N	212	214	96
7CXD	7DF6	A	A	S	E	206	208	90
7CXD	7DF6	A	A	L	C	215	217	99
7CXD	7DF6	A	A	M	W	139	141	23
7CXD	7DF6	A	A	R	T	241	243	125
7CXD	7DF6	A	A	E	I	205	207	89
7CXD	7DF6	A	A	K	S	151	153	35
7CXD	7DF6	A	A	P	L	209	211	93
7CXD	7DF6	A	A	N	R	239	241	123
7CXD	7DF6	A	A	F	Y	161	163	45
7CXD	7DF6	A	A	F	H	221	223	105
7CXD	7DF6	A	A	E	N	242	244	126
7CXD	7DF6	A	A	H	V	229	231	113
7CXD	7DF6	A	A	K	A	188	190	72
7CXD	7DF6	A	A	T	G	255	257	139
7CXD	7DF6	A	A	R	V	174	176	58
7CXD	7DF6	A	A	N	M	172	174	56
7CXD	7DF6	A	A	P	V	135	137	19
7CXD	7DF6	A	A	K	N	208	210	92
7CXD	7DF6	A	A	A	M	168	170	52
7CXD	7DF6	A	A	Q	H	213	215	97
7CXD	7DF6	A	A	N	I	226	228	110
7CXD	7DF6	A	A	I	H	243	245	127
7CXD	7DF6	A	A	G	W	148	150	32
7CXD	7DF6	A	A	R	S	236	238	120
7CXD	7DF6	A	A	N	R	234	236	118
7CXD	7DF6	A	A	P	L	133	135	17
7CXD	7DF6	A	A	R	H	181	183	65
7CXD	7DF6	A	A	V	N	138	140	22
7CXD	7DF6	A	A	Y	F	130	132	14
7CXD	7DF6	A	A	Q	N	189	191	73
7CXD	7DF6	A	A	S	T	244	246	128
7CXD	7DF6	A	A	D	A	131	133	15
7CXD	7DF6	A	A	G	L	250	252	134
7CXD	7DF6	A	A	N	I	165	167	49
7CXD	7DF6	A	A	V	N	150	152	34
7CXD	7DF6	A	A	H	G	259	261	143
7CXD	7DF6	A	A	D	H	190	192	74
7CXD	7DF6	A	A	Q	I	245	247	129
7CXD	7DF6	A	A	L	S	246	248	130
7CXD	7DF6	A	A	I	F	183	185	67
7CXD	7DF6	A	A	R	W	180	182	64
7CXD	7DF6	A	A	D	N	251	253	135
7CXD	7DF6	A	A	A	D	218	220	102
7CXD	7DF6	A	A	P	I	129	131	13
7CXD	7DF6	A	A	A	I	224	226	108
7CXD	7DF6	A	A	M	E	261	263	145
7CXD	7DF6	A	A	A	T	154	156	38
7CXD	7DF6	A	A	L	M	240	242	124
7CXD	7DF6	A	A	L	A	159	161	43
7CXD	7DF6	A	A	H	C	170	172	54
7BJY	2WP2	B	A	L	Q	125	129	101
7BJY	2WP2	B	A	E	M	84	88	60
7BJY	2WP2	B	A	L	Y	35	39	11
7BJY	2WP2	B	A	K	T	124	128	100
7BJY	2WP2	B	A	N	V	104	108	80
7DTM	4UBQ	A	A	L	A	12	13	12
7DTM	4UBQ	A	A	F	S	63	64	63
7DTM	4UBQ	A	A	P	W	162	163	162
7DTM	4UBQ	A	A	W	D	147	148	147
7DTM	4UBQ	A	A	G	H	164	165	164
7DTM	4UBQ	A	A	K	G	107	108	107
7DTM	4UBQ	A	A	R	K	66	67	66
7DTM	4UBQ	A	A	K	M	127	128	127
7DTM	4UBQ	A	A	P	K	137	138	137
7DTM	4UBQ	A	A	K	Q	33	34	33
7DTM	4UBQ	A	A	H	V	19	20	19
7DTM	4UBQ	A	A	K	D	8	9	8
7DTM	4UBQ	A	A	S	V	82	83	82
7DTM	4UBQ	A	A	E	G	211	212	211
7DTM	4UBQ	A	A	K	N	58	59	58
7DTM	4UBQ	A	A	K	Q	189	190	189
7DTM	4UBQ	A	A	A	C	44	45	44
7DTM	4UBQ	A	A	L	M	205	206	205
7DTM	4UBQ	A	A	L	E	101	102	101
7DTM	4UBQ	A	A	V	F	146	147	146
7DTM	4UBQ	A	A	W	C	28	29	28
7DTM	4UBQ	A	A	I	C	70	71	70
7DTM	4UBQ	A	A	V	A	30	31	30
7DTM	4UBQ	A	A	P	L	135	136	135
7DTM	4UBQ	A	A	A	L	190	191	190
7DTM	4UBQ	A	A	T	N	102	103	102
7DTM	4UBQ	A	A	V	M	132	133	132
7DTM	4UBQ	A	A	I	H	86	87	86
7DTM	4UBQ	A	A	W	L	62	63	62
7DTM	4UBQ	A	A	G	Q	166	167	166
7DTM	4UBQ	A	A	T	H	52	53	52
7DTM	4UBQ	A	A	N	I	103	104	103
7DTM	4UBQ	A	A	F	S	78	79	78
7DTM	4UBQ	A	A	L	M	7	8	7
7DTM	4UBQ	A	A	E	W	174	175	174
7DTM	4UBQ	A	A	S	V	119	120	119
7DTM	4UBQ	A	A	F	I	133	134	133
7DTM	4UBQ	A	A	I	V	47	48	47
7DTM	4UBQ	A	A	D	T	55	56	55
7DTM	4UBQ	A	A	E	V	24	25	24
7DTM	4UBQ	A	A	D	Y	48	49	48
7DTM	4UBQ	A	A	D	Q	6	7	6
7DTM	4UBQ	A	A	A	H	114	115	114
7DTM	4UBQ	A	A	D	K	81	82	81
7DTM	4UBQ	A	A	V	S	214	215	214
7DTM	4UBQ	A	A	Y	H	123	124	123
7DTM	4UBQ	A	A	S	W	196	197	196
7DTM	4UBQ	A	A	V	M	31	32	31
7DTM	4UBQ	A	A	A	F	213	214	213
7DTM	4UBQ	A	A	V	M	60	61	60
7DTM	4UBQ	A	A	K	Q	108	109	108
7DTM	4UBQ	A	A	S	E	179	180	179
7DTM	4UBQ	A	A	F	E	51	52	51
7DTM	4UBQ	A	A	L	S	217	218	217
7DTM	4UBQ	A	A	V	D	126	127	126
7DTM	4UBQ	A	A	L	M	125	126	125
7DTM	4UBQ	A	A	A	V	180	181	180
7DTM	4UBQ	A	A	L	H	4	5	4
7DTM	4UBQ	A	A	E	G	131	132	131
7DTM	4UBQ	A	A	P	I	50	51	50
7DTM	4UBQ	A	A	S	M	99	100	99
7DTM	4UBQ	A	A	K	T	129	130	129
7DTM	4UBQ	A	A	S	M	220	221	220
7DTM	4UBQ	A	A	P	H	5	6	5
7DTM	4UBQ	A	A	S	N	204	205	204
7DTM	4UBQ	A	A	E	T	10	11	10
7DTM	4UBQ	A	A	E	V	104	105	104
7DTM	4UBQ	A	A	F	Y	118	119	118
7DTM	4UBQ	A	A	T	E	209	210	209
7DTM	4UBQ	A	A	V	G	18	19	18
7DTM	4UBQ	A	A	V	E	37	38	37
7DTM	4UBQ	A	A	E	K	150	151	150
7DTM	4UBQ	A	A	D	I	142	143	142
7DTM	4UBQ	A	A	V	L	38	39	38
7DTM	4UBQ	A	A	G	Q	84	85	84
7DTM	4UBQ	A	A	Y	G	68	69	68
7DTM	4UBQ	A	A	Y	W	97	98	97
7DTM	4UBQ	A	A	Y	H	134	135	134
7DTM	4UBQ	A	A	T	L	56	57	56
7DTM	4UBQ	A	A	V	Q	40	41	40
7DTM	4UBQ	A	A	V	N	112	113	112
7DTM	4UBQ	A	A	S	H	185	186	185
7DTM	4UBQ	A	A	N	S	143	144	143
7DTM	4UBQ	A	A	L	W	206	207	206
7DTM	4UBQ	A	A	V	W	145	146	145
7DTM	4UBQ	A	A	Y	T	17	18	17
7DTM	4UBQ	A	A	S	H	21	22	21
7DTM	4UBQ	A	A	Q	G	212	213	212
7DTM	4UBQ	A	A	G	I	29	30	29
7DTM	4UBQ	A	A	K	H	69	70	69
7DTM	4UBQ	A	A	G	F	157	158	157
7DTM	4UBQ	A	A	T	K	140	141	140
7DTM	4UBQ	A	A	A	M	171	172	171
7DTM	4UBQ	A	A	L	Y	165	166	165
7DTM	4UBQ	A	A	W	R	124	125	124
7DTM	4UBQ	A	A	L	C	183	184	183
7DTM	4UBQ	A	A	L	D	192	193	192
7DTM	4UBQ	A	A	C	V	158	159	158
7DTM	4UBQ	A	A	G	E	85	86	85
7DTM	4UBQ	A	A	Q	M	113	114	113
7DTM	4UBQ	A	A	S	L	198	199	198
7DTM	4UBQ	A	A	L	A	59	60	59
7DTM	4UBQ	A	A	E	G	14	15	14
7DTM	4UBQ	A	A	G	T	35	36	35
7DTM	4UBQ	A	A	I	Y	74	75	74
7DTM	4UBQ	A	A	I	C	153	154	153
7DTM	4UBQ	A	A	H	S	79	80	79
7DTM	4UBQ	A	A	G	Y	27	28	27
7DTM	4UBQ	A	A	K	Q	152	153	152
7DTM	4UBQ	A	A	S	Y	80	81	80
7DTM	4UBQ	A	A	T	G	20	21	20
7DTM	4UBQ	A	A	L	F	154	155	154
7DTM	4UBQ	A	A	V	A	121	122	121
7DTM	4UBQ	A	A	E	Q	87	88	87
7DTM	4UBQ	A	A	S	C	117	118	117
7DTM	4UBQ	A	A	G	I	138	139	138
7DTM	4UBQ	A	A	H	N	139	140	139
7DTM	4UBQ	A	A	D	F	170	171	170
7DTM	4UBQ	A	A	V	W	193	194	193
7DTM	4UBQ	A	A	K	D	186	187	186
7DTM	4UBQ	A	A	P	Q	95	96	95
7DTM	4UBQ	A	A	A	W	203	204	203
7DTM	4UBQ	A	A	K	Y	111	112	111
7DTM	4UBQ	A	A	T	F	96	97	96
7DTM	4UBQ	A	A	H	M	34	35	34
7DTM	4UBQ	A	A	N	I	116	117	116
7DTM	4UBQ	A	A	N	C	172	173	172
7DTM	4UBQ	A	A	W	S	88	89	88
7DTM	4UBQ	A	A	K	I	71	72	71
7DTM	4UBQ	A	A	K	R	11	12	11
7DTM	4UBQ	A	A	P	T	149	150	149
7DTM	4UBQ	A	A	L	D	46	47	46
7DTM	4UBQ	A	A	E	F	199	200	199
7DTM	4UBQ	A	A	E	H	100	101	100
7DTM	4UBQ	A	A	F	L	159	160	159
7DTM	4UBQ	A	A	N	V	26	27	26
7DTM	4UBQ	A	A	F	E	22	23	22
7L1Z	5VQJ	A	A	G	D	186	159	160
7L1Z	5VQJ	A	A	T	M	203	176	177
7L1Z	5VQJ	A	A	N	A	230	203	204
7L1Z	5VQJ	A	A	D	F	51	24	25
7L1Z	5VQJ	A	A	V	E	228	201	202
7L1Z	5VQJ	A	A	S	M	102	75	76
7L1Z	5VQJ	A	A	D	N	135	108	109
7L1Z	5VQJ	A	A	F	M	229	202	203
7L1Z	5VQJ	A	A	V	W	226	199	200
7L1Z	5VQJ	A	A	Y	N	153	126	127
7L1Z	5VQJ	A	A	Y	V	127	100	101
7L1Z	5VQJ	A	A	L	T	57	30	31
7L1Z	5VQJ	A	A	A	T	181	154	155
7L1Z	5VQJ	A	A	Q	F	174	147	148
7L1Z	5VQJ	A	A	E	A	227	200	201
7L1Z	5VQJ	A	A	W	V	49	22	23
7L1Z	5VQJ	A	A	I	G	206	179	180
7L1Z	5VQJ	A	A	V	I	162	135	136
7L1Z	5VQJ	A	A	D	Q	202	175	176
7L1Z	5VQJ	A	A	Y	C	156	129	130
7L1Z	5VQJ	A	A	F	C	193	166	167
7L1Z	5VQJ	A	A	Y	A	76	49	50
7L1Z	5VQJ	A	A	A	S	237	210	211
7L1Z	5VQJ	A	A	L	W	106	79	80
7L1Z	5VQJ	A	A	L	F	123	96	97
7L1Z	5VQJ	A	A	V	Y	241	214	215
7L1Z	5VQJ	A	A	Y	M	175	148	149
7L1Z	5VQJ	A	A	T	R	145	118	119
7L1Z	5VQJ	A	A	W	E	82	55	56
7L1Z	5VQJ	A	A	F	S	65	38	39
7L1Z	5VQJ	A	A	I	T	166	139	140
7L1Z	5VQJ	A	A	R	S	89	62	63
7L1Z	5VQJ	A	A	P	W	169	142	143
7L1Z	5VQJ	A	A	K	D	50	23	24
7L1Z	5VQJ	A	A	G	D	73	46	47
7L1Z	5VQJ	A	A	S	F	165	138	139
7L1Z	5VQJ	A	A	N	G	149	122	123
7L1Z	5VQJ	A	A	T	R	170	143	144
7L1Z	5VQJ	A	A	F	Y	44	17	18
7L1Z	5VQJ	A	A	N	T	96	69	70
7L1Z	5VQJ	A	A	A	L	101	74	75
7L1Z	5VQJ	A	A	D	H	218	191	192
7L1Z	5VQJ	A	A	K	E	178	151	152
7L1Z	5VQJ	A	A	S	C	154	127	128
7L1Z	5VQJ	A	A	L	Q	224	197	198
7L1Z	5VQJ	A	A	N	D	212	185	186
7L1Z	5VQJ	A	A	H	Y	36	9	10
7L1Z	5VQJ	A	A	F	W	146	119	120
7L1Z	5VQJ	A	A	P	Q	219	192	193
7L1Z	5VQJ	A	A	Q	E	222	195	196
7L1Z	5VQJ	A	A	P	N	80	53	54
7L1Z	5VQJ	A	A	K	R	163	136	137
7L1Z	5VQJ	A	A	G	N	72	45	46
7L1Z	5VQJ	A	A	T	H	236	209	210
7L1Z	5VQJ	A	A	G	V	79	52	53
7L1Z	5VQJ	A	A	I	D	104	77	78
7L1Z	5VQJ	A	A	Y	H	221	194	195
7L1Z	5VQJ	A	A	G	Q	239	212	213
7L1Z	5VQJ	A	A	G	F	110	83	84
7L1Z	5VQJ	A	A	H	M	40	13	14
7L1Z	5VQJ	A	A	P	A	164	137	138
7L1Z	5VQJ	A	A	I	K	151	124	125
7L1Z	5VQJ	A	A	E	W	125	98	99
7L1Z	5VQJ	A	A	S	M	137	110	111
7L1Z	5VQJ	A	A	Y	Q	111	84	85
7L1Z	5VQJ	A	A	Q	M	232	205	206
7L1Z	5VQJ	A	A	Q	V	130	103	104
7L1Z	5VQJ	A	A	G	M	143	116	117
7L1Z	5VQJ	A	A	P	V	136	109	110
7L1Z	5VQJ	A	A	D	Q	60	33	34
7L1Z	5VQJ	A	A	D	Q	217	190	191
7L1Z	5VQJ	A	A	P	M	231	204	205
7L1Z	5VQJ	A	A	F	M	84	57	58
7L1Z	5VQJ	A	A	L	T	129	102	103
7L1Z	5VQJ	A	A	D	W	119	92	93
7L1Z	5VQJ	A	A	T	K	33	6	7
7L1Z	5VQJ	A	A	G	H	52	25	26
7L1Z	5VQJ	A	A	D	W	214	187	188
7L1Z	5VQJ	A	A	D	I	86	59	60
7L1Z	5VQJ	A	A	A	W	215	188	189
7L1Z	5VQJ	A	A	H	E	83	56	57
7L1Z	5VQJ	A	A	V	D	90	63	64
7L1Z	5VQJ	A	A	I	W	128	101	102
7L1Z	5VQJ	A	A	N	Q	75	48	49
7L1Z	5VQJ	A	A	W	M	200	173	174
7L1Z	5VQJ	A	A	G	I	235	208	209
7L1Z	5VQJ	A	A	K	T	198	171	172
7L1Z	5VQJ	A	A	A	F	194	167	168
7L1Z	5VQJ	A	A	R	W	157	130	131
7L1Z	5VQJ	A	A	K	W	144	117	118
7L1Z	5VQJ	A	A	V	S	77	50	51
7L1Z	5VQJ	A	A	N	K	167	140	141
7L1Z	5VQJ	A	A	D	T	188	161	162
7L1Z	5VQJ	A	A	A	N	37	10	11
7L1Z	5VQJ	A	A	V	E	67	40	41
7L1Z	5VQJ	A	A	L	M	207	180	181
7L1Z	5VQJ	A	A	Y	D	173	146	147
7L1Z	5VQJ	A	A	E	L	152	125	126
7L1Z	5VQJ	A	A	H	A	122	95	96
7L1Z	5VQJ	A	A	Y	S	142	115	116
7L1Z	5VQJ	A	A	G	C	78	51	52
7L1Z	5VQJ	A	A	A	H	199	172	173
7L1Z	5VQJ	A	A	Y	E	134	107	108
7L1Z	5VQJ	A	A	D	L	139	112	113
7L1Z	5VQJ	A	A	Q	D	183	156	157
7L1Z	5VQJ	A	A	S	W	238	211	212
7L1Z	5VQJ	A	A	R	F	131	104	105
7L1Z	5VQJ	A	A	G	R	150	123	124
7L1Z	5VQJ	A	A	S	F	180	153	154
7L1Z	5VQJ	A	A	F	Q	213	186	187
7L1Z	5VQJ	A	A	G	Y	204	177	178
7L1Z	5VQJ	A	A	T	N	133	106	107
7L1Z	5VQJ	A	A	H	L	48	21	22
7L1Z	5VQJ	A	A	W	Y	205	178	179
7L1Z	5VQJ	A	A	Y	C	74	47	48
7L1Z	5VQJ	A	A	Q	F	70	43	44
7L1Z	5VQJ	A	A	T	C	220	193	194
7L1Z	5VQJ	A	A	P	V	179	152	153
7L1Z	5VQJ	A	A	V	H	197	170	171
7L1Z	5VQJ	A	A	I	K	192	165	166
7L1Z	5VQJ	A	A	D	W	112	85	86
7L1Z	5VQJ	A	A	Y	H	107	80	81
7L1Z	5VQJ	A	A	R	I	160	133	134
7L1Z	5VQJ	A	A	W	M	69	42	43
7L1Z	5VQJ	A	A	I	N	91	64	65
7L1Z	5VQJ	A	A	G	V	168	141	142
7L1Z	5VQJ	A	A	G	M	100	73	74
7L1Z	5VQJ	A	A	D	K	195	168	169
7L1Z	5VQJ	A	A	E	L	184	157	158
7L1Z	5VQJ	A	A	I	E	159	132	133
7L1Z	5VQJ	A	A	L	C	185	158	159
7L1Z	5VQJ	A	A	Y	Q	103	76	77
7L1Z	5VQJ	A	A	N	E	211	184	185
7L1Z	5VQJ	A	A	Y	F	93	66	67
7L1Z	5VQJ	A	A	V	A	223	196	197
7L1Z	5VQJ	A	A	T	C	171	144	145
7L1Z	5VQJ	A	A	H	F	196	169	170
7L1Z	5VQJ	A	A	S	K	148	121	122
7L1Z	5VQJ	A	A	K	E	113	86	87
7A1V	4RCJ	A	A	H	C	512	491	127
7A1V	4RCJ	A	A	G	H	438	417	53
7A1V	4RCJ	A	A	L	C	534	513	149
7A1V	4RCJ	A	A	N	K	525	504	140
7A1V	4RCJ	A	A	M	K	449	428	64
7A1V	4RCJ	A	A	I	D	500	479	115
7A1V	4RCJ	A	A	H	S	437	416	52
7A1V	4RCJ	A	A	V	Q	412	391	27
7A1V	4RCJ	A	A	I	G	513	492	128
7A1V	4RCJ	A	A	A	W	483	462	98
7A1V	4RCJ	A	A	G	A	484	463	99
7A1V	4RCJ	A	A	S	H	460	439	75
7A1V	4RCJ	A	A	N	T	520	499	135
7A1V	4RCJ	A	A	K	L	416	395	31
7A1V	4RCJ	A	A	D	A	421	400	36
7A1V	4RCJ	A	A	V	G	505	484	120
7A1V	4RCJ	A	A	P	D	454	433	69
7A1V	4RCJ	A	A	S	A	464	443	79
7A1V	4RCJ	A	A	V	Y	470	449	85
7A1V	4RCJ	A	A	R	A	514	493	129
7A1V	4RCJ	A	A	K	H	452	431	67
7A1V	4RCJ	A	A	G	T	465	444	80
7A1V	4RCJ	A	A	D	L	489	468	104
7A1V	4RCJ	A	A	E	H	436	415	51
7A1V	4RCJ	A	A	N	T	518	497	133
7A1V	4RCJ	A	A	E	A	420	399	35
7A1V	4RCJ	A	A	D	F	528	507	143
7A1V	4RCJ	A	A	C	S	433	412	48
7A1V	4RCJ	A	A	V	M	477	456	92
7A1V	4RCJ	A	A	D	C	422	401	37
7A1V	4RCJ	A	A	S	R	546	525	161
7A1V	4RCJ	A	A	T	K	529	508	144
7A1V	4RCJ	A	A	W	F	499	478	114
7A1V	4RCJ	A	A	R	C	447	426	62
7A1V	4RCJ	A	A	V	W	461	440	76
7A1V	4RCJ	A	A	G	T	453	432	68
7A1V	4RCJ	A	A	W	Q	432	411	47
7A1V	4RCJ	A	A	L	N	442	421	57
7A1V	4RCJ	A	A	S	Y	526	505	141
7A1V	4RCJ	A	A	D	R	496	475	111
7A1V	4RCJ	A	A	A	S	445	424	60
7A1V	4RCJ	A	A	V	T	532	511	147
7A1V	4RCJ	A	A	V	F	540	519	155
7A1V	4RCJ	A	A	G	D	410	389	25
7A1V	4RCJ	A	A	T	V	524	503	139
7A1V	4RCJ	A	A	Y	G	429	408	44
7A1V	4RCJ	A	A	E	A	531	510	146
7A1V	4RCJ	A	A	K	E	503	482	118
7A1V	4RCJ	A	A	Q	W	509	488	124
7A1V	4RCJ	A	A	K	H	440	419	55
7A1V	4RCJ	A	A	L	A	457	436	72
7A1V	4RCJ	A	A	K	D	490	469	105
7A1V	4RCJ	A	A	Q	L	530	509	145
7A1V	4RCJ	A	A	K	G	542	521	157
7A1V	4RCJ	A	A	I	M	423	402	38
7A1V	4RCJ	A	A	R	V	511	490	126
7A1V	4RCJ	A	A	F	S	467	446	82
7A1V	4RCJ	A	A	H	F	424	403	39
7A1V	4RCJ	A	A	K	N	492	471	107
7A1V	4RCJ	A	A	F	S	501	480	116
7A1V	4RCJ	A	A	L	S	458	437	73
7A1V	4RCJ	A	A	V	R	523	502	138
7A1V	4RCJ	A	A	A	N	537	516	152
7A1V	4RCJ	A	A	N	C	439	418	54
7A1V	4RCJ	A	A	I	M	543	522	158
7A1V	4RCJ	A	A	E	T	535	514	150
7A1V	4RCJ	A	A	G	V	493	472	108
7A1V	4RCJ	A	A	S	V	426	405	41
7A1V	4RCJ	A	A	Q	G	488	467	103
7A1V	4RCJ	A	A	P	G	533	512	148
7A1V	4RCJ	A	A	S	N	419	398	34
7A1V	4RCJ	A	A	H	W	466	445	81
7A1V	4RCJ	A	A	I	D	415	394	30
7A1V	4RCJ	A	A	I	V	544	523	159
7A1V	4RCJ	A	A	K	G	428	407	43
7A1V	4RCJ	A	A	G	I	463	442	78
7A1V	4RCJ	A	A	V	Y	497	476	112
7A1V	4RCJ	A	A	P	Y	522	501	137
7A1V	4RCJ	A	A	D	W	504	483	119
7A1V	4RCJ	A	A	K	R	538	517	153
7A1V	4RCJ	A	A	M	E	473	452	88
7A1V	4RCJ	A	A	N	L	507	486	122
7A1V	4RCJ	A	A	I	W	427	406	42
7A1V	4RCJ	A	A	F	I	413	392	28
7A1V	4RCJ	A	A	S	K	487	466	102
7A1V	4RCJ	A	A	R	C	441	420	56
7A1V	4RCJ	A	A	E	C	516	495	131
7A1V	4RCJ	A	A	R	D	411	390	26
7A1V	4RCJ	A	A	K	G	536	515	151
7A1V	4RCJ	A	A	K	F	408	387	23
7A1V	4RCJ	A	A	Y	N	418	397	33
7A1V	4RCJ	A	A	L	A	515	494	130
7A1V	4RCJ	A	A	F	Y	459	438	74
7A1V	4RCJ	A	A	I	Y	431	410	46
7JKW	2NXB	A	A	E	C	115	91	74
7JKW	2NXB	A	A	N	I	135	111	94
7JKW	2NXB	A	A	T	H	131	107	90
7JKW	2NXB	A	A	V	Y	69	45	28
7JKW	2NXB	A	A	N	A	61	37	20
7JKW	2NXB	A	A	F	G	79	55	38
7JKW	2NXB	A	A	I	M	138	114	97
7JKW	2NXB	A	A	E	M	167	143	126
7JKW	2NXB	A	A	P	R	142	118	101
7JKW	2NXB	A	A	M	F	105	81	64
7JKW	2NXB	A	A	Q	H	85	61	44
7JKW	2NXB	A	A	Q	F	62	38	21
7JKW	2NXB	A	A	A	T	89	65	48
7JKW	2NXB	A	A	Q	Y	159	135	118
7JKW	2NXB	A	A	Q	E	78	54	37
7JKW	2NXB	A	A	A	L	150	126	109
7JKW	2NXB	A	A	T	W	109	85	68
7JKW	2NXB	A	A	Y	S	119	95	78
7JKW	2NXB	A	A	R	T	113	89	72
7JKW	2NXB	A	A	F	W	83	59	42
7JKW	2NXB	A	A	P	D	95	71	54
7JKW	2NXB	A	A	H	R	77	53	36
7JKW	2NXB	A	A	I	Q	110	86	69
7JKW	2NXB	A	A	T	S	73	49	32
7JKW	2NXB	A	A	T	A	134	110	93
7JKW	2NXB	A	A	F	K	133	109	92
7JKW	2NXB	A	A	Y	N	65	41	24
7JKW	2NXB	A	A	L	N	153	129	112
7JKW	2NXB	A	A	A	N	152	128	111
7JKW	2NXB	A	A	W	R	81	57	40
7JKW	2NXB	A	A	K	W	155	131	114
7JKW	2NXB	A	A	K	V	102	78	61
7JKW	2NXB	A	A	Y	H	139	115	98
7JKW	2NXB	A	A	G	N	108	84	67
7JKW	2NXB	A	A	P	M	104	80	63
7JKW	2NXB	A	A	V	G	147	123	106
7JKW	2NXB	A	A	K	R	76	52	35
7JKW	2NXB	A	A	L	W	158	134	117
7JKW	2NXB	A	A	M	Q	149	125	108
7JKW	2NXB	A	A	P	S	86	62	45
7JKW	2NXB	A	A	R	A	58	34	17
7JKW	2NXB	A	A	D	F	96	72	55
7JKW	2NXB	A	A	M	R	107	83	66
7JKW	2NXB	A	A	N	A	93	69	52
7JKW	2NXB	A	A	K	L	99	75	58
7JKW	2NXB	A	A	C	A	136	112	95
7JKW	2NXB	A	A	V	D	70	46	29
7JKW	2NXB	A	A	I	C	146	122	105
7JKW	2NXB	A	A	Y	S	137	113	96
7JKW	2NXB	A	A	I	Y	100	76	59
7JKW	2NXB	A	A	P	T	82	58	41
7JKW	2NXB	A	A	K	W	112	88	71
7JKW	2NXB	A	A	E	W	154	130	113
7JKW	2NXB	A	A	K	H	91	67	50
7JKW	2NXB	A	A	D	T	106	82	65
7JKW	2NXB	A	A	N	M	116	92	75
7JKW	2NXB	A	A	W	I	75	51	34
7JKW	2NXB	A	A	K	Y	141	117	100
7JKW	2NXB	A	A	N	C	130	106	89
7JKW	2NXB	A	A	V	T	87	63	46
7JKW	2NXB	A	A	D	N	144	120	103
7JKW	2NXB	A	A	A	M	80	56	39
7JKW	2NXB	A	A	A	L	122	98	81
7JKW	2NXB	A	A	L	H	114	90	73
7JKW	2NXB	A	A	D	H	88	64	47
7JKW	2NXB	A	A	Y	W	118	94	77
7JKW	2NXB	A	A	Q	I	64	40	23
7JKW	2NXB	A	A	F	C	157	133	116
7JKW	2NXB	A	A	E	L	124	100	83
7JKW	2NXB	A	A	M	E	132	108	91
7JKW	2NXB	A	A	K	M	72	48	31
7JKW	2NXB	A	A	W	V	120	96	79
7JKW	2NXB	A	A	C	F	125	101	84
7JKW	2NXB	A	A	L	Y	92	68	51
7JKW	2NXB	A	A	D	E	128	104	87
7JKW	2NXB	A	A	L	F	94	70	53
7JKW	2NXB	A	A	F	N	129	105	88
7JKW	2NXB	A	A	Q	K	127	103	86
7JKW	2NXB	A	A	D	V	145	121	104
7JKW	2NXB	A	A	L	Q	148	124	107
7RJJ	5M38	A	A	Q	M	513	85	89
7RJJ	5M38	A	A	L	C	446	18	22
7RJJ	5M38	A	A	G	W	516	88	92
7RJJ	5M38	A	A	R	S	530	102	106
7RJJ	5M38	A	A	N	H	533	105	109
7RJJ	5M38	A	A	D	M	460	32	36
7RJJ	5M38	A	A	K	L	462	34	38
7RJJ	5M38	A	A	I	A	461	33	37
7RJJ	5M38	A	A	W	D	498	70	74
7RJJ	5M38	A	A	E	N	517	89	93
7RJJ	5M38	A	A	V	T	512	84	88
7RJJ	5M38	A	A	S	Y	508	80	84
7RJJ	5M38	A	A	P	Y	448	20	24
7RJJ	5M38	A	A	T	H	475	47	51
7RJJ	5M38	A	A	V	S	471	43	47
7RJJ	5M38	A	A	A	C	522	94	98
7RJJ	5M38	A	A	T	G	451	23	27
7RJJ	5M38	A	A	G	V	514	86	90
7RJJ	5M38	A	A	K	L	447	19	23
7RJJ	5M38	A	A	R	F	500	72	76
7RJJ	5M38	A	A	W	F	444	16	20
7RJJ	5M38	A	A	S	V	518	90	94
7RJJ	5M38	A	A	R	A	534	106	110
7RJJ	5M38	A	A	S	T	488	60	64
7RJJ	5M38	A	A	L	F	468	40	44
7RJJ	5M38	A	A	P	N	520	92	96
7RJJ	5M38	A	A	N	Q	484	56	60
7RJJ	5M38	A	A	G	N	479	51	55
7RJJ	5M38	A	A	N	V	524	96	100
7RJJ	5M38	A	A	S	Y	435	7	11
7RJJ	5M38	A	A	A	V	492	64	68
7RJJ	5M38	A	A	G	L	442	14	18
7RJJ	5M38	A	A	R	N	519	91	95
7RJJ	5M38	A	A	D	L	501	73	77
7RJJ	5M38	A	A	A	K	511	83	87
7RJJ	5M38	A	A	W	Q	467	39	43
7RJJ	5M38	A	A	L	Y	438	10	14
7RJJ	5M38	A	A	R	E	496	68	72
7RJJ	5M38	A	A	G	N	449	21	25
7RJJ	5M38	A	A	I	R	469	41	45
7RJJ	5M38	A	A	E	T	528	100	104
7RJJ	5M38	A	A	V	F	470	42	46
7RJJ	5M38	A	A	P	K	542	114	118
7RJJ	5M38	A	A	Q	W	485	57	61
7RJJ	5M38	A	A	D	F	504	76	80
7RJJ	5M38	A	A	V	A	495	67	71
7RJJ	5M38	A	A	L	E	487	59	63
7RJJ	5M38	A	A	A	D	531	103	107
7RJJ	5M38	A	A	D	R	525	97	101
7RJJ	5M38	A	A	R	V	432	4	8
7RJJ	5M38	A	A	D	I	497	69	73
7RJJ	5M38	A	A	T	K	526	98	102
7RJJ	5M38	A	A	E	N	537	109	113
7RJJ	5M38	A	A	L	C	489	61	65
7RJJ	5M38	A	A	G	F	529	101	105
7RJJ	5M38	A	A	K	S	452	24	28
7RJJ	5M38	A	A	R	C	535	107	111
7RJJ	5M38	A	A	M	C	499	71	75
7RJJ	5M38	A	A	F	A	510	82	86
7RJJ	5M38	A	A	C	V	509	81	85
7RJJ	5M38	A	A	T	E	502	74	78
7RJJ	5M38	A	A	V	Y	541	113	117
7RJJ	5M38	A	A	H	I	474	46	50
7RJJ	5M38	A	A	L	W	458	30	34
7RJJ	5M38	A	A	F	G	439	11	15
7RJJ	5M38	A	A	G	A	503	75	79
7RJJ	5M38	A	A	V	R	536	108	112
7RJJ	5M38	A	A	P	C	506	78	82
7RJJ	5M38	A	A	D	H	440	12	16
7RJJ	5M38	A	A	A	E	463	35	39
7RJJ	5M38	A	A	G	A	473	45	49
7RJJ	5M38	A	A	G	C	466	38	42
7RJJ	5M38	A	A	I	M	538	110	114
7RJJ	5M38	A	A	L	G	454	26	30
7RJJ	5M38	A	A	K	E	443	15	19
7RJJ	5M38	A	A	L	Q	433	5	9
7RJJ	5M38	A	A	S	Q	539	111	115
7RJJ	5M38	A	A	E	W	493	65	69
7RJJ	5M38	A	A	K	F	490	62	66
7RJJ	5M38	A	A	L	Y	540	112	116
7RJJ	5M38	A	A	D	F	476	48	52
7RJJ	5M38	A	A	Y	H	515	87	91
7RJJ	5M38	A	A	V	G	455	27	31
7RJJ	5M38	A	A	R	S	491	63	67
7DW4	5G5E	A	A	K	W	175	175	181
7DW4	5G5E	A	A	I	F	22	22	28
7DW4	5G5E	A	A	P	F	90	90	96
7DW4	5G5E	A	A	Y	D	158	158	164
7DW4	5G5E	A	A	P	D	50	50	56
7DW4	5G5E	A	A	R	Q	97	97	103
7DW4	5G5E	A	A	L	N	38	38	44
7DW4	5G5E	A	A	A	K	162	162	168
7DW4	5G5E	A	A	K	F	41	41	47
7DW4	5G5E	A	A	L	W	103	103	109
7DW4	5G5E	A	A	A	M	217	217	223
7DW4	5G5E	A	A	P	T	13	13	19
7DW4	5G5E	A	A	D	T	92	92	98
7DW4	5G5E	A	A	K	S	143	143	149
7DW4	5G5E	A	A	E	K	77	77	83
7DW4	5G5E	A	A	I	S	156	156	162
7DW4	5G5E	A	A	A	S	125	125	131
7DW4	5G5E	A	A	L	M	58	58	64
7DW4	5G5E	A	A	A	S	96	96	102
7DW4	5G5E	A	A	K	M	7	7	13
7DW4	5G5E	A	A	S	M	28	28	34
7DW4	5G5E	A	A	P	V	208	208	214
7DW4	5G5E	A	A	E	Q	132	132	138
7DW4	5G5E	A	A	W	A	12	12	18
7DW4	5G5E	A	A	K	S	212	212	218
7DW4	5G5E	A	A	G	Y	131	131	137
7DW4	5G5E	A	A	V	M	51	51	57
7DW4	5G5E	A	A	K	M	3	3	9
7DW4	5G5E	A	A	L	T	45	45	51
7DW4	5G5E	A	A	K	F	27	27	33
7DW4	5G5E	A	A	P	Y	83	83	89
7DW4	5G5E	A	A	V	H	57	57	63
7DW4	5G5E	A	A	H	A	60	60	66
7DW4	5G5E	A	A	G	Y	153	153	159
7DW4	5G5E	A	A	Y	S	31	31	37
7DW4	5G5E	A	A	A	L	221	221	227
7DW4	5G5E	A	A	E	L	211	211	217
7DW4	5G5E	A	A	V	R	206	206	212
7DW4	5G5E	A	A	D	E	89	89	95
7DW4	5G5E	A	A	D	L	128	128	134
7DW4	5G5E	A	A	A	N	100	100	106
7DW4	5G5E	A	A	V	I	203	203	209
7DW4	5G5E	A	A	D	R	104	104	110
7DW4	5G5E	A	A	L	H	159	159	165
7DW4	5G5E	A	A	G	E	164	164	170
7DW4	5G5E	A	A	L	A	34	34	40
7DW4	5G5E	A	A	T	D	187	187	193
7DW4	5G5E	A	A	P	Q	109	109	115
7DW4	5G5E	A	A	L	R	86	86	92
7DW4	5G5E	A	A	V	N	29	29	35
7DW4	5G5E	A	A	R	V	21	21	27
7DW4	5G5E	A	A	D	H	76	76	82
7DW4	5G5E	A	A	E	F	215	215	221
7DW4	5G5E	A	A	A	C	115	115	121
7DW4	5G5E	A	A	H	C	52	52	58
7DW4	5G5E	A	A	K	R	148	148	154
7DW4	5G5E	A	A	K	E	146	146	152
7DW4	5G5E	A	A	L	W	190	190	196
7DW4	5G5E	A	A	E	L	209	209	215
7DW4	5G5E	A	A	S	R	145	145	151
7DW4	5G5E	A	A	R	A	93	93	99
7DW4	5G5E	A	A	L	I	69	69	75
7DW4	5G5E	A	A	L	N	213	213	219
7DW4	5G5E	A	A	Y	T	74	74	80
7DW4	5G5E	A	A	F	C	197	197	203
7DW4	5G5E	A	A	I	L	161	161	167
7DW4	5G5E	A	A	G	Q	147	147	153
7DW4	5G5E	A	A	E	W	35	35	41
7DW4	5G5E	A	A	L	Y	8	8	14
7DW4	5G5E	A	A	P	M	64	64	70
7DW4	5G5E	A	A	I	Q	71	71	77
7DW4	5G5E	A	A	P	G	87	87	93
7DW4	5G5E	A	A	D	I	139	139	145
7DW4	5G5E	A	A	Y	N	102	102	108
7DW4	5G5E	A	A	N	H	25	25	31
7DW4	5G5E	A	A	C	E	66	66	72
7DW4	5G5E	A	A	A	I	94	94	100
7DW4	5G5E	A	A	Q	L	129	129	135
7DW4	5G5E	A	A	K	I	54	54	60
7DW4	5G5E	A	A	L	T	167	167	173
7DW4	5G5E	A	A	K	H	63	63	69
7DW4	5G5E	A	A	R	N	19	19	25
7DW4	5G5E	A	A	G	H	10	10	16
7DW4	5G5E	A	A	D	S	160	160	166
7DW4	5G5E	A	A	L	D	170	170	176
7DW4	5G5E	A	A	W	F	169	169	175
7DW4	5G5E	A	A	G	D	157	157	163
7DW4	5G5E	A	A	P	A	15	15	21
7DW4	5G5E	A	A	V	H	17	17	23
7DW4	5G5E	A	A	K	L	204	204	210
7DW4	5G5E	A	A	E	T	105	105	111
7DW4	5G5E	A	A	S	W	14	14	20
7DW4	5G5E	A	A	F	M	151	151	157
7DW4	5G5E	A	A	P	K	56	56	62
7DW4	5G5E	A	A	G	L	178	178	184
7DW4	5G5E	A	A	S	M	68	68	74
7DW4	5G5E	A	A	A	V	194	194	200
7DW4	5G5E	A	A	A	W	11	11	17
7DW4	5G5E	A	A	M	W	18	18	24
7DW4	5G5E	A	A	G	S	39	39	45
7DW4	5G5E	A	A	L	E	136	136	142
7DW4	5G5E	A	A	F	W	216	216	222
7DW4	5G5E	A	A	L	K	46	46	52
7DW4	5G5E	A	A	I	E	75	75	81
7DW4	5G5E	A	A	E	M	120	120	126
7DW4	5G5E	A	A	A	S	122	122	128
7DW4	5G5E	A	A	W	Y	193	193	199
7DW4	5G5E	A	A	F	W	163	163	169
7DW4	5G5E	A	A	K	C	218	218	224
7DW4	5G5E	A	A	K	S	53	53	59
7DW4	5G5E	A	A	E	S	121	121	127
7DW4	5G5E	A	A	L	C	134	134	140
7DW4	5G5E	A	A	A	C	117	117	123
7DW4	5G5E	A	A	V	F	130	130	136
7DW4	5G5E	A	A	P	F	201	201	207
7DW4	5G5E	A	A	F	L	166	166	172
7DW4	5G5E	A	A	A	M	202	202	208
7DW4	5G5E	A	A	E	M	32	32	38
7DW4	5G5E	A	A	K	A	180	180	186
7DW4	5G5E	A	A	G	E	82	82	88
7DW4	5G5E	A	A	T	D	37	37	43
7DW4	5G5E	A	A	Y	I	91	91	97
7DW4	5G5E	A	A	F	R	98	98	104
7DW4	5G5E	A	A	P	V	188	188	194
7DW4	5G5E	A	A	E	I	36	36	42
7DW4	5G5E	A	A	S	Q	48	48	54
7DW4	5G5E	A	A	I	M	59	59	65
7DW4	5G5E	A	A	K	V	192	192	198
7DW4	5G5E	A	A	V	A	179	179	185
7DW4	5G5E	A	A	A	N	101	101	107
7DW4	5G5E	A	A	K	S	124	124	130
7DW4	5G5E	A	A	D	W	5	5	11
7DW4	5G5E	A	A	W	M	79	79	85
7DW4	5G5E	A	A	V	F	6	6	12
7DW4	5G5E	A	A	E	Y	174	174	180
7DW4	5G5E	A	A	L	Q	24	24	30
7DW4	5G5E	A	A	K	E	106	106	112
7DW4	5G5E	A	A	T	N	210	210	216
7DW4	5G5E	A	A	L	C	44	44	50
6ZSX	1CBI	A	A	Q	F	45	45	49
6ZSX	1CBI	A	A	D	W	127	126	131
6ZSX	1CBI	A	A	C	V	95	95	99
6ZSX	1CBI	A	A	K	W	30	30	34
6ZSX	1CBI	A	A	Q	A	97	97	101
6ZSX	1CBI	A	A	E	K	13	13	17
6ZSX	1CBI	A	A	L	Q	100	100	104
6ZSX	1CBI	A	A	F	Q	65	65	69
6ZSX	1CBI	A	A	A	T	32	32	36
6ZSX	1CBI	A	A	N	W	64	64	68
6ZSX	1CBI	A	A	A	D	36	36	40
6ZSX	1CBI	A	A	P	Y	1	1	5
6ZSX	1CBI	A	A	V	M	128	127	132
6ZSX	1CBI	A	A	L	T	22	22	26
6ZSX	1CBI	A	A	R	W	136	135	140
6ZSX	1CBI	A	A	L	E	113	113	117
6ZSX	1CBI	A	A	E	F	72	72	76
6ZSX	1CBI	A	A	T	N	61	61	65
6ZSX	1CBI	A	A	K	W	8	8	12
6ZSX	1CBI	A	A	F	C	15	15	19
6ZSX	1CBI	A	A	A	Q	35	35	39
6ZSX	1CBI	A	A	V	C	76	76	80
6ZSX	1CBI	A	A	I	G	63	63	67
6ZSX	1CBI	A	A	W	S	109	109	113
6ZSX	1CBI	A	A	L	C	19	19	23
6ZSX	1CBI	A	A	V	Q	41	41	45
6ZSX	1CBI	A	A	T	A	56	56	60
6ZSX	1CBI	A	A	W	N	7	7	11
6ZSX	1CBI	A	A	N	H	25	25	29
6ZSX	1CBI	A	A	K	L	92	92	96
6ZSX	1CBI	A	A	S	N	37	37	41
6ZSX	1CBI	A	A	D	A	77	77	81
6ZSX	1CBI	A	A	E	W	88	88	92
6ZSX	1CBI	A	A	D	G	116	116	120
6ZSX	1CBI	A	A	W	S	87	87	91
6ZSX	1CBI	A	A	V	S	33	33	37
6ZSX	1CBI	A	A	T	M	75	75	79
6ZSX	1CBI	A	A	N	R	115	115	119
6ZSX	1CBI	A	A	G	K	102	102	106
6ZSX	1CBI	A	A	T	N	110	110	114
6ZSX	1CBI	A	A	L	R	28	28	32
6ZSX	1CBI	A	A	K	D	20	20	24
6ZSX	1CBI	A	A	C	L	130	129	134
6ZSX	1CBI	A	A	M	E	27	27	31
6ZSX	1CBI	A	A	E	A	90	90	94
6ZSX	1CBI	A	A	N	T	91	91	95
6ZSX	1CBI	A	A	V	T	58	58	62
6ZSX	1CBI	A	A	T	G	122	121	126
6ZSX	1CBI	A	A	N	Y	14	14	18
6ZSX	1CBI	A	A	N	K	2	2	6
6ZSX	1CBI	A	A	E	K	17	17	21
6ZSX	1CBI	A	A	A	D	125	124	129
6ZSX	1CBI	A	A	L	N	99	99	103
6ZSX	1CBI	A	A	K	E	66	66	70
6ZSX	1CBI	A	A	V	K	135	134	139
6ZSX	1CBI	A	A	T	C	60	60	64
6ZSX	1CBI	A	A	E	R	69	69	73
6ZSX	1CBI	A	A	K	D	38	38	42
6ZSX	1CBI	A	A	F	G	71	71	75
6ZSX	1CBI	A	A	L	Q	18	18	22
6ZSX	1CBI	A	A	D	F	48	48	52
6ZSX	1CBI	A	A	I	G	120	119	124
6ZSX	1CBI	A	A	G	M	23	23	27
6ZSX	1CBI	A	A	V	L	24	24	28
6ZSX	1CBI	A	A	A	L	34	34	38
6ZSX	1CBI	A	A	L	S	121	120	125
6ZSX	1CBI	A	A	R	H	79	79	83
6ZSX	1CBI	A	A	L	N	119	118	123
6ZSX	1CBI	A	A	G	V	47	47	51
6ZSX	1CBI	A	A	F	W	3	3	7
6ZSX	1CBI	A	A	V	S	129	128	133
6ZSX	1CBI	A	A	C	D	81	81	85
6ZSX	1CBI	A	A	T	F	131	130	135
6ZSX	1CBI	A	A	K	H	106	106	110
6ZSX	1CBI	A	A	E	T	42	42	46
6ZSX	1CBI	A	A	S	H	55	55	59
6ZSX	1CBI	A	A	I	G	43	43	47
6ZSX	1CBI	A	A	F	R	50	50	54
6ZSX	1CBI	A	A	P	F	105	105	109
6ZSX	1CBI	A	A	S	V	12	12	16
6ZSX	1CBI	A	A	I	K	52	52	56
6ZSX	1CBI	A	A	K	G	53	53	57
6ZSX	1CBI	A	A	E	Q	73	73	77
6ZSX	1CBI	A	A	T	L	107	107	111
6ZSX	1CBI	A	A	S	M	83	83	87
6ZSX	1CBI	A	A	R	W	29	29	33
6ZSX	1CBI	A	A	E	R	112	112	116
7DWG	4J2F	A	A	K	L	120	121	126
7DWG	4J2F	A	A	I	T	53	54	59
7DWG	4J2F	A	A	A	T	184	187	190
7DWG	4J2F	A	A	V	I	57	58	63
7DWG	4J2F	A	A	L	I	162	165	168
7DWG	4J2F	A	A	E	N	65	66	71
7DWG	4J2F	A	A	H	Q	58	59	64
7DWG	4J2F	A	A	S	W	12	13	18
7DWG	4J2F	A	A	L	A	36	37	42
7DWG	4J2F	A	A	E	S	30	31	36
7DWG	4J2F	A	A	E	T	79	80	85
7DWG	4J2F	A	A	V	A	55	56	61
7DWG	4J2F	A	A	P	N	200	203	206
7DWG	4J2F	A	A	R	Q	90	91	96
7DWG	4J2F	A	A	L	E	174	177	180
7DWG	4J2F	A	A	P	Q	87	88	93
7DWG	4J2F	A	A	P	T	193	196	199
7DWG	4J2F	A	A	L	K	43	44	49
7DWG	4J2F	A	A	S	C	15	16	21
7DWG	4J2F	A	A	W	I	161	164	167
7DWG	4J2F	A	A	K	I	141	144	147
7DWG	4J2F	A	A	L	D	182	185	188
7DWG	4J2F	A	A	P	D	84	85	90
7DWG	4J2F	A	A	E	H	167	170	173
7DWG	4J2F	A	A	G	R	144	147	150
7DWG	4J2F	A	A	F	S	95	96	101
7DWG	4J2F	A	A	Y	K	29	30	35
7DWG	4J2F	A	A	L	R	129	130	135
7DWG	4J2F	A	A	K	M	23	24	29
7DWG	4J2F	A	A	K	Y	25	26	31
7DWG	4J2F	A	A	E	S	116	117	122
7DWG	4J2F	A	A	G	V	26	27	32
7DWG	4J2F	A	A	D	G	86	87	92
7DWG	4J2F	A	A	I	W	19	20	25
7DWG	4J2F	A	A	V	H	171	174	177
7DWG	4J2F	A	A	L	D	83	84	89
7DWG	4J2F	A	A	E	H	117	118	123
7DWG	4J2F	A	A	T	G	76	77	82
7DWG	4J2F	A	A	K	E	5	6	11
7DWG	4J2F	A	A	P	I	62	63	68
7DWG	4J2F	A	A	G	T	138	139	144
7DWG	4J2F	A	A	I	F	69	70	75
7DWG	4J2F	A	A	R	S	181	184	187
7DWG	4J2F	A	A	K	G	130	131	136
7DWG	4J2F	A	A	A	G	91	92	97
7DWG	4J2F	A	A	D	C	35	36	41
7DWG	4J2F	A	A	K	Q	196	199	202
7DWG	4J2F	A	A	W	S	185	188	191
7DWG	4J2F	A	A	A	W	207	210	213
7DWG	4J2F	A	A	L	D	22	23	28
7DWG	4J2F	A	A	E	H	133	134	139
7DWG	4J2F	A	A	L	T	70	71	76
7DWG	4J2F	A	A	K	R	39	40	45
7DWG	4J2F	A	A	A	F	93	94	99
7DWG	4J2F	A	A	M	H	205	208	211
7DWG	4J2F	A	A	P	A	11	12	17
7DWG	4J2F	A	A	K	R	51	52	57
7DWG	4J2F	A	A	F	T	143	146	149
7DWG	4J2F	A	A	R	A	17	18	23
7DWG	4J2F	A	A	G	D	8	9	14
7DWG	4J2F	A	A	E	G	75	76	81
7DWG	4J2F	A	A	L	A	44	45	50
7DWG	4J2F	A	A	G	Y	170	173	176
7DWG	4J2F	A	A	I	H	63	64	69
7DWG	4J2F	A	A	E	D	134	135	140
7DWG	4J2F	A	A	N	M	38	39	44
7DWG	4J2F	A	A	E	D	127	128	133
7DWG	4J2F	A	A	E	D	33	34	39
7DWG	4J2F	A	A	E	I	166	169	172
7DWG	4J2F	A	A	Y	Q	46	47	52
7DWG	4J2F	A	A	L	G	56	57	62
7DWG	4J2F	A	A	L	K	82	83	88
7DWG	4J2F	A	A	P	Y	180	183	186
7DWG	4J2F	A	A	V	H	49	50	55
7DWG	4J2F	A	A	F	E	14	15	20
7DWG	4J2F	A	A	W	I	96	97	102
7DWG	4J2F	A	A	P	F	78	79	84
7DWG	4J2F	A	A	E	Y	191	194	197
7DWG	4J2F	A	A	P	E	48	49	54
7DWG	4J2F	A	A	L	N	24	25	30
7DWG	4J2F	A	A	H	N	183	186	189
7DWG	4J2F	A	A	G	R	145	148	151
7DWG	4J2F	A	A	A	L	21	22	27
7DWG	4J2F	A	A	V	E	173	176	179
7DWG	4J2F	A	A	D	S	152	155	158
7DWG	4J2F	A	A	E	W	34	35	40
7DWG	4J2F	A	A	S	A	40	41	46
7DWG	4J2F	A	A	L	N	118	119	124
7DWG	4J2F	A	A	E	D	71	72	77
7DWG	4J2F	A	A	Y	A	31	32	37
7DWG	4J2F	A	A	I	W	153	156	159
7DWG	4J2F	A	A	L	I	6	7	12
7DWG	4J2F	A	A	R	H	94	95	100
7DWG	4J2F	A	A	A	D	106	107	112
7DWG	4J2F	A	A	G	V	59	60	65
7DWG	4J2F	A	A	D	I	102	103	108
7DWG	4J2F	A	A	N	E	80	81	86
7DWG	4J2F	A	A	P	R	81	82	87
7DWG	4J2F	A	A	S	G	66	67	72
7DWG	4J2F	A	A	D	K	139	142	145
7DWG	4J2F	A	A	G	W	115	116	121
7DWG	4J2F	A	A	E	L	119	120	125
7DWG	4J2F	A	A	V	T	151	154	157
7DWG	4J2F	A	A	K	D	61	62	67
7DWG	4J2F	A	A	K	L	52	53	58
7DWG	4J2F	A	A	A	Q	121	122	127
7DWG	4J2F	A	A	N	L	198	201	204
7DWG	4J2F	A	A	N	Q	47	48	53
7DWG	4J2F	A	A	P	W	54	55	60
7DWG	4J2F	A	A	E	I	197	200	203
7DWG	4J2F	A	A	K	N	123	124	129
7DWG	4J2F	A	A	P	Y	13	14	19
7DWG	4J2F	A	A	W	G	20	21	26
7DWG	4J2F	A	A	W	G	10	11	16
7DWG	4J2F	A	A	N	E	188	191	194
7DWG	4J2F	A	A	E	A	89	90	95
7DWG	4J2F	A	A	D	V	203	206	209
7DWG	4J2F	A	A	Y	M	72	73	78
7DWG	4J2F	A	A	W	D	77	78	83
7JT4	1F68	A	A	F	K	165	825	118
7JT4	1F68	A	A	Y	M	74	734	27
7JT4	1F68	A	A	V	I	134	794	87
7JT4	1F68	A	A	Y	G	105	765	58
7JT4	1F68	A	A	N	Q	143	803	96
7JT4	1F68	A	A	K	S	170	830	123
7JT4	1F68	A	A	I	A	109	769	62
7JT4	1F68	A	A	K	G	168	828	121
7JT4	1F68	A	A	D	E	104	764	57
7JT4	1F68	A	A	A	G	135	795	88
7JT4	1F68	A	A	V	L	108	768	61
7JT4	1F68	A	A	P	Q	103	763	56
7JT4	1F68	A	A	C	K	144	804	97
7JT4	1F68	A	A	N	F	148	808	101
7JT4	1F68	A	A	K	E	78	738	31
7JT4	1F68	A	A	P	I	92	752	45
7JT4	1F68	A	A	D	S	151	811	104
7JT4	1F68	A	A	T	H	117	777	70
7JT4	1F68	A	A	E	G	95	755	48
7JT4	1F68	A	A	L	W	77	737	30
7JT4	1F68	A	A	Y	H	127	787	80
7JT4	1F68	A	A	A	V	90	750	43
7JT4	1F68	A	A	R	C	121	781	74
7JT4	1F68	A	A	L	S	115	775	68
7JT4	1F68	A	A	F	I	164	824	117
7JT4	1F68	A	A	Y	T	126	786	79
7JT4	1F68	A	A	Y	S	147	807	100
7JT4	1F68	A	A	Y	G	106	766	59
7JT4	1F68	A	A	L	G	161	821	114
7JT4	1F68	A	A	L	W	169	829	122
7JT4	1F68	A	A	E	W	120	780	73
7JT4	1F68	A	A	C	Y	157	817	110
7JT4	1F68	A	A	D	I	114	774	67
7JT4	1F68	A	A	P	M	149	809	102
7JT4	1F68	A	A	P	W	112	772	65
7JT4	1F68	A	A	F	L	93	753	46
7JT4	1F68	A	A	A	G	102	762	55
7JT4	1F68	A	A	S	D	152	812	105
7JT4	1F68	A	A	R	I	145	805	98
7JT4	1F68	A	A	L	G	81	741	34
7JT4	1F68	A	A	E	Q	162	822	115
7JT4	1F68	A	A	A	Q	158	818	111
7JT4	1F68	A	A	H	Y	87	747	40
7JT4	1F68	A	A	P	Q	96	756	49
7JT4	1F68	A	A	V	R	97	757	50
7JT4	1F68	A	A	F	K	133	793	86
7JT4	1F68	A	A	D	F	136	796	89
7JT4	1F68	A	A	R	N	125	785	78
7JT4	1F68	A	A	M	N	118	778	71
7MJU	6U04	A	A	C	G	36	277	26
7NIN	5NLT	A	A	S	K	77	78	77
7NIN	5NLT	A	A	E	C	63	64	63
7NIN	5NLT	A	A	P	G	81	82	81
7NIN	5NLT	A	A	W	H	218	222	218
7NIN	5NLT	A	A	V	Y	52	53	52
7NIN	5NLT	A	A	D	Q	58	59	58
7NIN	5NLT	A	A	E	W	148	153	148
7NIN	5NLT	A	A	N	Q	156	161	156
7NIN	5NLT	A	A	G	N	93	97	93
7NIN	5NLT	A	A	P	V	134	139	134
7NIN	5NLT	A	A	A	Q	183	189	183
7NIN	5NLT	A	A	V	E	115	119	115
7NIN	5NLT	A	A	N	L	42	42	42
7NIN	5NLT	A	A	I	W	82	83	82
7NIN	5NLT	A	A	P	N	25	25	25
7NIN	5NLT	A	A	Y	A	203	208	203
7NIN	5NLT	A	A	P	N	196	201	196
7NIN	5NLT	A	A	G	A	135	140	135
7NIN	5NLT	A	A	F	C	187	192	187
7NIN	5NLT	A	A	G	W	160	165	160
7NIN	5NLT	A	A	P	M	180	186	180
7NIN	5NLT	A	A	F	N	163	168	163
7NIN	5NLT	A	A	V	L	7	7	7
7NIN	5NLT	A	A	N	Y	19	19	19
7NIN	5NLT	A	A	F	Y	62	63	62
7NIN	5NLT	A	A	T	W	61	62	61
7NIN	5NLT	A	A	I	T	86	87	86
7NIN	5NLT	A	A	G	C	197	202	197
7NIN	5NLT	A	A	D	E	72	73	72
7NIN	5NLT	A	A	Y	W	164	169	164
7NIN	5NLT	A	A	T	E	2	2	2
7NIN	5NLT	A	A	Y	M	210	214	210
7NIN	5NLT	A	A	C	T	167	172	167
7NIN	5NLT	A	A	S	Q	36	36	36
7NIN	5NLT	A	A	L	N	60	61	60
7NIN	5NLT	A	A	Q	E	169	174	169
7NIN	5NLT	A	A	K	T	32	32	32
7NIN	5NLT	A	A	R	I	23	23	23
7NIN	5NLT	A	A	E	F	142	147	142
7NIN	5NLT	A	A	V	G	12	12	12
7NIN	5NLT	A	A	Y	R	191	196	191
7NIN	5NLT	A	A	N	T	27	27	27
7NIN	5NLT	A	A	I	K	73	74	73
7NIN	5NLT	A	A	Y	I	65	66	65
7NIN	5NLT	A	A	I	N	143	148	143
7NIN	5NLT	A	A	I	W	74	75	74
7NIN	5NLT	A	A	V	I	48	49	48
7NIN	5NLT	A	A	A	R	161	166	161
7NIN	5NLT	A	A	H	A	147	152	147
7NIN	5NLT	A	A	A	L	114	118	114
7NIN	5NLT	A	A	D	I	116	120	116
7NIN	5NLT	A	A	Q	M	162	167	162
7NIN	5NLT	A	A	S	Y	166	171	166
7NIN	5NLT	A	A	I	H	119	123	119
7NIN	5NLT	A	A	P	Y	26	26	26
7NIN	5NLT	A	A	E	Y	103	107	103
7NIN	5NLT	A	A	P	E	49	50	49
7NIN	5NLT	A	A	G	S	11	11	11
7NIN	5NLT	A	A	Q	E	14	14	14
7NIN	5NLT	A	A	A	G	87	88	87
7NIN	5NLT	A	A	S	Y	91	92	91
7NIN	5NLT	A	A	P	S	37	37	37
7NIN	5NLT	A	A	D	A	16	16	16
7NIN	5NLT	A	A	P	D	157	162	157
7NIN	5NLT	A	A	P	W	215	219	215
7NIN	5NLT	A	A	D	I	71	72	71
7NIN	5NLT	A	A	A	D	56	57	56
7NIN	5NLT	A	A	L	G	118	122	118
7NIN	5NLT	A	A	G	A	15	15	15
7NIN	5NLT	A	A	D	H	177	183	177
7NIN	5NLT	A	A	K	D	100	104	100
7NIN	5NLT	A	A	W	A	113	117	113
7NIN	5NLT	A	A	P	D	213	217	213
7NIN	5NLT	A	A	D	A	13	13	13
7NIN	5NLT	A	A	R	L	69	70	69
7NIN	5NLT	A	A	R	I	140	145	140
7NIN	5NLT	A	A	F	E	200	205	200
7NIN	5NLT	A	A	L	G	34	34	34
7NIN	5NLT	A	A	W	T	64	65	64
7NIN	5NLT	A	A	S	I	209	213	209
7NIN	5NLT	A	A	W	K	8	8	8
7NIN	5NLT	A	A	P	C	30	30	30
7NIN	5NLT	A	A	G	N	123	127	123
7NIN	5NLT	A	A	G	F	57	58	57
7NIN	5NLT	A	A	P	E	130	134	130
7NIN	5NLT	A	A	H	M	78	79	78
7NIN	5NLT	A	A	G	Q	95	99	95
7NIN	5NLT	A	A	N	R	10	10	10
7NIN	5NLT	A	A	I	A	198	203	198
7NIN	5NLT	A	A	Y	I	137	142	137
7NIN	5NLT	A	A	G	V	80	81	80
7NIN	5NLT	A	A	V	H	97	101	97
7NIN	5NLT	A	A	V	T	217	221	217
7NIN	5NLT	A	A	A	N	145	150	145
7NIN	5NLT	A	A	I	C	22	22	22
7NIN	5NLT	A	A	Y	D	106	110	106
7NIN	5NLT	A	A	R	A	159	164	159
7NIN	5NLT	A	A	Y	D	21	21	21
7NIN	5NLT	A	A	T	S	204	209	204
7NIN	5NLT	A	A	V	L	9	9	9
7NIN	5NLT	A	A	V	D	43	43	43
7NIN	5NLT	A	A	D	V	150	155	150
7NIN	5NLT	A	A	S	M	194	199	194
7NIN	5NLT	A	A	G	A	17	17	17
7NIN	5NLT	A	A	C	H	41	41	41
7NIN	5NLT	A	A	W	A	98	102	98
7EHF	4RWZ	A	A	A	Y	86	85	86
7EHF	4RWZ	A	A	D	Y	147	146	147
7EHF	4RWZ	A	A	A	K	152	151	152
7EHF	4RWZ	A	A	I	C	53	52	53
7EHF	4RWZ	A	A	L	T	168	167	168
7EHF	4RWZ	A	A	P	N	73	72	73
7EHF	4RWZ	A	A	S	W	110	109	110
7EHF	4RWZ	A	A	L	T	156	155	156
7EHF	4RWZ	A	A	D	A	49	48	49
7EHF	4RWZ	A	A	L	V	82	81	82
7EHF	4RWZ	A	A	A	V	175	174	175
7EHF	4RWZ	A	A	F	W	83	82	83
7EHF	4RWZ	A	A	R	E	38	37	38
7EHF	4RWZ	A	A	V	T	84	83	84
7EHF	4RWZ	A	A	G	M	54	53	54
7EHF	4RWZ	A	A	T	K	103	102	103
7EHF	4RWZ	A	A	L	Y	111	110	111
7EHF	4RWZ	A	A	D	S	31	30	31
7EHF	4RWZ	A	A	P	H	79	78	79
7EHF	4RWZ	A	A	G	R	37	36	37
7EHF	4RWZ	A	A	R	W	127	126	127
7EHF	4RWZ	A	A	A	E	96	95	96
7EHF	4RWZ	A	A	R	E	15	14	15
7EHF	4RWZ	A	A	R	S	173	172	173
7EHF	4RWZ	A	A	L	E	91	90	91
7EHF	4RWZ	A	A	G	L	155	154	155
7EHF	4RWZ	A	A	F	T	39	38	39
7EHF	4RWZ	A	A	S	R	66	65	66
7EHF	4RWZ	A	A	N	R	105	104	105
7EHF	4RWZ	A	A	E	V	19	18	19
7EHF	4RWZ	A	A	T	K	14	13	14
7EHF	4RWZ	A	A	A	D	81	80	81
7EHF	4RWZ	A	A	R	Q	71	70	71
7EHF	4RWZ	A	A	G	H	77	76	77
7EHF	4RWZ	A	A	L	F	95	94	95
7EHF	4RWZ	A	A	L	S	136	135	136
7EHF	4RWZ	A	A	P	A	107	106	107
7EHF	4RWZ	A	A	K	V	72	71	72
7EHF	4RWZ	A	A	I	G	30	29	30
7EHF	4RWZ	A	A	D	I	36	35	36
7EHF	4RWZ	A	A	L	I	159	158	159
7EHF	4RWZ	A	A	L	Y	112	111	112
7EHF	4RWZ	A	A	G	L	176	175	176
7EHF	4RWZ	A	A	S	K	8	9	8
7EHF	4RWZ	A	A	L	Q	117	116	117
7EHF	4RWZ	A	A	A	S	114	113	114
7EHF	4RWZ	A	A	G	A	134	133	134
7EHF	4RWZ	A	A	V	N	130	129	130
7EHF	4RWZ	A	A	A	H	99	98	99
7EHF	4RWZ	A	A	R	W	153	152	153
7EHF	4RWZ	A	A	G	Y	76	75	76
7EHF	4RWZ	A	A	P	H	132	131	132
7EHF	4RWZ	A	A	G	Y	133	132	133
7EHF	4RWZ	A	A	L	Q	123	122	123
7EHF	4RWZ	A	A	W	Q	108	107	108
7EHF	4RWZ	A	A	E	I	178	177	178
7EHF	4RWZ	A	A	L	A	154	153	154
7EHF	4RWZ	A	A	L	I	18	17	18
7EHF	4RWZ	A	A	W	L	11	12	11
7EHF	4RWZ	A	A	T	H	34	33	34
7EHF	4RWZ	A	A	E	H	94	93	94
7EHF	4RWZ	A	A	Y	F	172	171	172
7EHF	4RWZ	A	A	L	Y	129	128	129
7EHF	4RWZ	A	A	A	I	74	73	74
7EHF	4RWZ	A	A	G	T	33	32	33
7EHF	4RWZ	A	A	N	D	80	79	80
7EHF	4RWZ	A	A	A	C	171	170	171
7EHF	4RWZ	A	A	A	F	44	43	44
7EHF	4RWZ	A	A	T	F	50	49	50
7EHF	4RWZ	A	A	Q	F	4	4	4
7EHF	4RWZ	A	A	V	H	28	27	28
7EHF	4RWZ	A	A	E	I	135	134	135
7EHF	4RWZ	A	A	P	Q	118	117	118
7EHF	4RWZ	A	A	R	M	128	127	128
7EHF	4RWZ	A	A	G	K	35	34	35
7EHF	4RWZ	A	A	M	W	1	1	1
7EHF	4RWZ	A	A	V	T	122	121	122
7EHF	4RWZ	A	A	D	F	56	55	56
7EHF	4RWZ	A	A	V	M	40	39	40
7EHF	4RWZ	A	A	P	D	92	91	92
7JLZ	7EHF	A	A	L	Q	17	18	17
7JLZ	7EHF	A	A	D	C	95	100	95
7JLZ	7EHF	A	A	K	V	70	75	70
7JLZ	7EHF	A	A	E	H	116	121	116
7JLZ	7EHF	A	A	G	Q	32	33	32
7JLZ	7EHF	A	A	T	W	33	34	33
7JLZ	7EHF	A	A	G	A	104	109	104
7JLZ	7EHF	A	A	T	F	98	103	98
7JLZ	7EHF	A	A	R	L	37	38	37
7JLZ	7EHF	A	A	V	F	39	40	39
7JLZ	7EHF	A	A	A	V	43	44	43
7JLZ	7EHF	A	A	I	L	52	53	52
7JLZ	7EHF	A	A	D	S	35	36	35
7JLZ	7EHF	A	A	P	G	56	61	56
7JLZ	7EHF	A	A	L	A	101	106	101
7JLZ	7EHF	A	A	E	D	132	137	132
7JLZ	7EHF	A	A	G	I	6	7	6
7JLZ	7EHF	A	A	R	C	66	71	66
7JLZ	7EHF	A	A	T	F	49	50	49
7JLZ	7EHF	A	A	P	G	113	118	113
7JLZ	7EHF	A	A	P	R	102	107	102
7JLZ	7EHF	A	A	E	K	89	94	89
7JLZ	7EHF	A	A	K	H	2	3	2
7JLZ	7EHF	A	A	V	W	27	28	27
7JLZ	7EHF	A	A	P	N	87	92	87
7JLZ	7EHF	A	A	A	V	76	81	76
7JLZ	7EHF	A	A	I	F	54	55	54
7JLZ	7EHF	A	A	K	S	126	131	126
7JLZ	7EHF	A	A	D	M	30	31	30
7JLZ	7EHF	A	A	L	D	31	32	31
7JLZ	7EHF	A	A	G	Q	129	134	129
7JLZ	7EHF	A	A	I	W	121	126	121
7JLZ	7EHF	A	A	G	I	34	35	34
7JLZ	7EHF	A	A	K	I	67	72	67
7JLZ	7EHF	A	A	I	C	9	10	9
7JLZ	7EHF	A	A	N	E	75	80	75
7JLZ	7EHF	A	A	S	Q	105	110	105
7JLZ	7EHF	A	A	E	C	16	17	16
7JLZ	7EHF	A	A	E	I	84	89	84
7JLZ	7EHF	A	A	L	H	106	111	106
7JLZ	7EHF	A	A	Y	K	24	25	24
7JLZ	7EHF	A	A	L	H	107	112	107
7JLZ	7EHF	A	A	V	H	134	139	134
7JLZ	7EHF	A	A	G	F	53	54	53
7JLZ	7EHF	A	A	K	S	44	45	44
7JLZ	7EHF	A	A	L	R	90	95	90
7JLZ	7EHF	A	A	K	T	59	64	59
7JLZ	7EHF	A	A	W	L	103	108	103
7JLZ	7EHF	A	A	G	N	36	37	36
7JLZ	7EHF	A	A	A	I	94	99	94
