1ycc	1yeb	A	A	A	Y	7
1ycc	1yeb	A	A	F	I	10
1ycc	1yeb	A	A	F	M	10
1ycc	1yeb	A	A	F	W	10
1ycc	1yeb	A	A	F	Y	10
1ycc	1yeb	A	A	T	E	69
1ycc	1yeb	A	A	K	I	73
1ycc	1yeb	A	A	K	V	73
1ycc	1yeb	A	A	K	W	73
1ycc	1yeb	A	A	P	G	71
1ycc	1yeb	A	A	P	L	71
1ycc	1yeb	A	A	P	R	71
1ycc	1yeb	A	A	P	S	71
1ycc	1yeb	A	A	P	V	71
1ycc	1yeb	A	A	P	W	71
1ycc	1yeb	A	A	P	Y	71
1ycc	1yeb	A	A	F	Y	82
1ycc	1yeb	A	A	L	A	85
1ycc	1yeb	A	A	L	A	94
1ycc	1yeb	A	A	L	I	94
1ycc	1yeb	A	A	L	T	94
1ycc	1yeb	A	A	L	V	94
1ycc	1yeb	A	A	T	A	96
1ycc	1yeb	A	A	Y	F	97
1ycc	1yeb	A	A	C	A	102
1ycc	1yeb	A	A	C	S	102
1ycc	1yeb	A	A	C	T	102
1zym	2ols	B	A	H	A	422
1zym	2ols	B	A	H	E	422
