original	template	chain_o	chain_t	wt_aa	mut_aa	res_o	res_t	res_m	rsa
7JSP	3HMH	A	A	M	H	1520	1539	22	0.1961
7JSP	3HMH	A	A	A	N	1624	1643	126	0.531
7JSP	3HMH	A	A	V	S	1522	1541	24	0.0625
7JSP	3HMH	A	A	T	N	1590	1609	92	0.0479
7JSP	3HMH	A	A	V	Q	1515	1534	17	0.0
7JSP	3HMH	A	A	S	F	1567	1586	69	0.2377
7JSP	3HMH	A	A	V	G	1545	1564	47	0.7625
7JSP	3HMH	A	A	Q	T	1613	1632	115	0.4021
7JSP	3HMH	A	A	V	K	1505	1524	7	0.375
7JSP	3HMH	A	A	N	E	1556	1575	58	0.1266
7JSP	3HMH	A	A	K	S	1518	1537	20	0.5024
7JSP	3HMH	A	A	R	G	1554	1573	56	0.4149
7JSP	3HMH	A	A	L	C	1631	1650	133	0.5667
7JSP	3HMH	A	A	N	R	1578	1597	80	0.0886
7JSP	3HMH	A	A	T	A	1516	1535	18	0.2055
7JSP	3HMH	A	A	I	M	1553	1572	55	0.0
7JSP	3HMH	A	A	T	G	1612	1631	114	0.1644
7JSP	3HMH	A	A	D	Q	1570	1589	72	0.6225
7JSP	3HMH	A	A	I	K	1618	1637	120	0.011
7JSP	3HMH	A	A	S	E	1525	1544	27	0.041
7JSP	3HMH	A	A	P	C	1531	1550	33	0.4126
7JSP	3HMH	A	A	P	E	1585	1604	87	0.5664
7JSP	3HMH	A	A	Y	I	1582	1601	84	0.2838
7JSP	3HMH	A	A	E	L	1627	1646	129	0.6284
7JSP	3HMH	A	A	Q	S	1517	1536	19	0.672
7JSP	3HMH	A	A	I	R	1544	1563	46	0.022
7JSP	3HMH	A	A	D	N	1512	1531	14	0.1854
7JSP	3HMH	A	A	D	F	1608	1627	110	0.4238
7JSP	3HMH	A	A	L	W	1614	1633	116	0.0111
7JSP	3HMH	A	A	F	Q	1507	1526	9	0.0
7JSP	3HMH	A	A	A	T	1577	1596	79	0.4602
7JSP	3HMH	A	A	D	S	1571	1590	73	0.1126
7JSP	3HMH	A	A	F	A	1528	1547	30	0.0917
7JSP	3HMH	A	A	H	R	1529	1548	31	0.2165
7JSP	3HMH	A	A	A	S	1625	1644	127	0.4513
7JSP	3HMH	A	A	T	Y	1620	1639	122	0.5548
7JSP	3HMH	A	A	N	S	1583	1602	85	0.3544
7JSP	3HMH	A	A	C	R	1619	1638	121	0.4429
7JSP	3HMH	A	A	Y	G	1540	1559	42	0.1266
7JSP	3HMH	A	A	E	I	1609	1628	111	0.9508
7JSP	3HMH	A	A	S	Q	1508	1527	10	0.0574
7JSP	3HMH	A	A	Q	I	1563	1582	65	0.2804
7JSP	3HMH	A	A	N	I	1513	1532	15	0.519
7JSP	3HMH	A	A	F	S	1536	1555	38	0.7523
7JSP	3HMH	A	A	T	Q	1605	1624	107	0.7329
7JSP	3HMH	A	A	I	T	1575	1594	77	0.022
7JSP	3HMH	A	A	E	H	1606	1625	108	0.7213
7JSP	3HMH	A	A	E	H	1551	1570	53	0.4973
7JSP	3HMH	A	A	N	L	1533	1552	35	0.4367
7JSP	3HMH	A	A	F	T	1568	1587	70	0.0
7JSP	3HMH	A	A	I	H	1510	1529	12	0.1319
7JSP	3HMH	A	A	K	S	1581	1600	83	0.654
7JSP	3HMH	A	A	S	V	1558	1577	60	0.6885
7JSP	3HMH	A	A	K	G	1534	1553	36	0.6398
7JSP	3HMH	A	A	N	M	1598	1617	100	0.3418
7JSP	3HMH	A	A	K	H	1559	1578	61	0.6445
7JSP	3HMH	A	A	H	V	1530	1549	32	0.5619
7JSP	3HMH	A	A	R	D	1565	1584	67	0.2697
7JSP	3HMH	A	A	Q	M	1504	1523	6	0.0529
7JSP	3HMH	A	A	T	S	1603	1622	105	0.0822
7JSP	3HMH	A	A	D	W	1549	1568	51	0.0397
7JSP	3HMH	A	A	D	A	1539	1558	41	0.5099
7JSP	3HMH	A	A	I	T	1514	1533	16	0.0165
7JSP	3HMH	A	A	Y	R	1589	1608	91	0.4323
7JSP	3HMH	A	A	Y	H	1562	1581	64	0.0044
7JSP	3HMH	A	A	L	S	1611	1630	113	0.0
7JSP	3HMH	A	A	V	K	1532	1551	34	0.2313
7JSP	3HMH	A	A	G	A	1584	1603	86	0.2353
7JSP	3HMH	A	A	E	V	1623	1642	125	0.6776
7JSP	3HMH	A	A	H	C	1560	1579	62	0.3763
7JSP	3HMH	A	A	L	D	1574	1593	76	0.2278
7JSP	3HMH	A	A	I	C	1557	1576	59	0.022
7JSP	3HMH	A	A	E	C	1566	1585	68	0.7705
7JSP	3HMH	A	A	K	H	1555	1574	57	0.5735
7JSP	3HMH	A	A	K	W	1622	1641	124	0.4645
7JSP	3HMH	A	A	L	T	1576	1595	78	0.1056
7JSP	3HMH	A	A	E	R	1615	1634	117	0.2295
7JSP	3HMH	A	A	A	C	1593	1612	95	0.0
7JSP	3HMH	A	A	P	N	1527	1546	29	0.1958
7JSP	3HMH	A	A	Y	F	1607	1626	109	0.4323
7JSP	3HMH	A	A	A	S	1629	1648	131	0.5133
7JSP	3HMH	A	A	N	S	1573	1592	75	0.3544
7JSP	3HMH	A	A	N	F	1546	1565	48	0.6519
7JSP	3HMH	A	A	K	R	1542	1561	44	0.8057
7JSP	3HMH	A	A	P	Q	1547	1566	49	0.3566
7JSP	3HMH	A	A	F	M	1509	1528	11	0.5734
7AEN	2YV8	A	A	F	W	97	104	91	0.0321
7AEN	2YV8	A	A	D	G	28	35	22	0.3113
7AEN	2YV8	A	A	R	D	59	66	53	0.3983
7AEN	2YV8	A	A	H	S	128	135	122	0.2113
7AEN	2YV8	A	A	A	R	63	70	57	0.0265
7AEN	2YV8	A	A	E	G	84	91	78	0.6066
7AEN	2YV8	A	A	D	M	136	143	130	0.457
7AEN	2YV8	A	A	H	L	147	154	141	0.4742
7AEN	2YV8	A	A	G	M	21	28	15	0.1412
7AEN	2YV8	A	A	M	G	108	115	102	0.0441
7AEN	2YV8	A	A	S	K	152	159	146	0.1475
7AEN	2YV8	A	A	V	Y	48	55	42	0.0063
7AEN	2YV8	A	A	P	S	68	75	62	0.0
7AEN	2YV8	A	A	T	C	92	99	86	0.2329
7AEN	2YV8	A	A	V	R	62	69	56	0.0063
7AEN	2YV8	A	A	I	N	12	19	6	0.3187
7AEN	2YV8	A	A	R	W	72	79	66	0.9336
7AEN	2YV8	A	A	P	T	29	36	23	0.2448
7AEN	2YV8	A	A	Y	V	126	133	120	0.0044
7AEN	2YV8	A	A	S	Y	155	162	149	0.3852
7AEN	2YV8	A	A	V	Y	109	116	103	0.0
7AEN	2YV8	A	A	I	M	91	98	85	0.3516
7AEN	2YV8	A	A	H	M	38	45	32	0.2474
7AEN	2YV8	A	A	G	Q	53	60	47	0.2118
7AEN	2YV8	A	A	F	R	64	71	58	0.0
7AEN	2YV8	A	A	D	Q	112	119	106	0.457
7AEN	2YV8	A	A	V	G	144	151	138	0.0312
7AEN	2YV8	A	A	N	Q	14	21	8	0.7025
7AEN	2YV8	A	A	F	V	151	158	145	0.0
7AEN	2YV8	A	A	I	K	149	156	143	0.0
7AEN	2YV8	A	A	K	E	111	118	105	0.2322
7AEN	2YV8	A	A	I	E	135	142	129	0.033
7AEN	2YV8	A	A	E	H	89	96	83	0.5027
7AEN	2YV8	A	A	T	R	137	144	131	0.0342
7AEN	2YV8	A	A	G	Q	139	146	133	0.0
7AEN	2YV8	A	A	N	L	67	74	61	0.0
7AEN	2YV8	A	A	Y	H	13	20	7	0.5895
7AEN	2YV8	A	A	I	N	35	42	29	0.0
7AEN	2YV8	A	A	D	E	61	68	55	0.245
7AEN	2YV8	A	A	S	E	41	48	35	0.5984
7AEN	2YV8	A	A	K	W	71	78	65	0.5166
7AEN	2YV8	A	A	G	Y	74	81	68	0.1765
7AEN	2YV8	A	A	G	H	30	37	24	0.1882
7AEN	2YV8	A	A	N	D	79	86	73	0.019
7AEN	2YV8	A	A	P	A	58	65	52	0.5944
7AEN	2YV8	A	A	F	V	114	121	108	0.0046
7AEN	2YV8	A	A	I	T	33	40	27	0.0
7AEN	2YV8	A	A	P	L	96	103	90	0.3147
7AEN	2YV8	A	A	I	V	146	153	140	0.0495
7AEN	2YV8	A	A	L	D	27	34	21	0.0111
7AEN	2YV8	A	A	F	G	70	77	64	0.0642
7AEN	2YV8	A	A	F	Y	103	110	97	0.0505
7AEN	2YV8	A	A	K	H	85	92	79	0.673
7AEN	2YV8	A	A	E	H	90	97	84	0.2678
7AEN	2YV8	A	A	I	K	11	18	5	0.2747
7AEN	2YV8	A	A	L	E	110	117	104	0.0
7AEN	2YV8	A	A	S	D	54	61	48	0.6311
7AEN	2YV8	A	A	I	T	76	83	70	0.0
7AEN	2YV8	A	A	N	D	83	90	77	0.6835
7AEN	2YV8	A	A	G	Q	131	138	125	0.2824
7AEN	2YV8	A	A	G	C	87	94	81	0.4941
7AEN	2YV8	A	A	I	H	23	30	17	0.0495
7AEN	2YV8	A	A	E	Q	100	107	94	0.6011
7AEN	2YV8	A	A	N	Y	145	152	139	0.5443
7AEN	2YV8	A	A	I	C	82	89	76	0.4011
7AEN	2YV8	A	A	H	R	122	129	116	0.3763
7AEN	2YV8	A	A	V	N	77	84	71	0.0187
7AEN	2YV8	A	A	K	L	134	141	128	0.5498
7AEN	2YV8	A	A	Q	E	115	122	109	0.0476
7AEN	2YV8	A	A	R	N	129	136	123	0.3402
7AEN	2YV8	A	A	Y	C	141	148	135	0.214
7AEN	2YV8	A	A	P	L	24	31	18	0.5874
7AEN	2YV8	A	A	L	M	32	39	26	0.3056
7AEN	2YV8	A	A	T	Y	31	38	25	0.0
7AEN	2YV8	A	A	K	W	143	150	137	0.5118
7AEN	2YV8	A	A	V	A	20	27	14	0.3812
7AEN	2YV8	A	A	I	M	17	24	11	0.2308
7AEN	2YV8	A	A	A	G	43	50	37	0.0
7AEN	2YV8	A	A	L	I	50	57	44	0.0
7AEN	2YV8	A	A	N	C	119	126	113	0.5696
7AEN	2YV8	A	A	N	I	10	17	4	0.2595
7AEN	2YV8	A	A	G	R	142	149	136	0.5176
7AEN	2YV8	A	A	W	A	86	93	80	0.3938
7AEN	2YV8	A	A	A	T	60	67	54	0.0708
7AEN	2YV8	A	A	Q	N	26	33	20	0.4709
7AEN	2YV8	A	A	A	D	73	80	67	0.7699
7AEN	2YV8	A	A	S	Q	55	62	49	0.4426
7AEN	2YV8	A	A	V	I	39	46	33	0.0
7AEN	2YV8	A	A	V	A	118	125	112	0.0063
7AEN	2YV8	A	A	V	N	34	41	28	0.0688
7AEN	2YV8	A	A	E	L	104	111	98	0.3224
7AEN	2YV8	A	A	L	E	138	145	132	0.0
7AEN	2YV8	A	A	Q	K	51	58	45	0.0529
7AEN	2YV8	A	A	C	F	78	85	72	0.0143
7JUO	4BHW	F	A	P	W	1087	1051	8	0.2098
7JUO	4BHW	F	A	L	S	1142	1106	63	0.0278
7JUO	4BHW	F	A	K	W	1139	1103	60	0.0664
7JUO	4BHW	F	A	Q	D	1113	1077	34	0.6138
7JUO	4BHW	F	A	A	T	1164	1128	85	0.0265
7JUO	4BHW	F	A	Q	A	1148	1112	69	0.2487
7JUO	4BHW	F	A	I	N	1128	1092	49	0.3956
7JUO	4BHW	F	A	A	N	1100	1064	21	0.0442
7JUO	4BHW	F	A	Q	L	1092	1056	13	0.5132
7JUO	4BHW	F	A	K	M	1083	1047	4	0.8246
7JUO	4BHW	F	A	E	D	1149	1113	70	0.3716
7JUO	4BHW	F	A	I	M	1084	1048	5	0.8791
7JUO	4BHW	F	A	K	L	1170	1134	91	0.7678
7JUO	4BHW	F	A	S	N	1108	1072	29	0.0
7JUO	4BHW	F	A	R	N	1173	1137	94	0.7842
7JUO	4BHW	F	A	C	Q	1178	1142	99	0.0
7JUO	4BHW	F	A	Q	I	1118	1082	39	0.1852
7JUO	4BHW	F	A	L	D	1120	1084	41	0.6056
7JUO	4BHW	F	A	P	H	1114	1078	35	0.3287
7JUO	4BHW	F	A	T	L	1097	1061	18	0.0068
7JUO	4BHW	F	A	D	T	1105	1069	26	0.3709
7JUO	4BHW	F	A	W	T	1165	1129	86	0.2548
7JUO	4BHW	F	A	N	Q	1163	1127	84	0.0823
7JUO	4BHW	F	A	G	D	1145	1109	66	0.1059
7JUO	4BHW	F	A	R	G	1103	1067	24	0.4938
7JUO	4BHW	F	A	L	E	1159	1123	80	0.2444
7JUO	4BHW	F	A	W	D	1151	1115	72	0.5444
7JUO	4BHW	F	A	R	E	1140	1104	61	0.3029
7JUO	4BHW	F	A	P	H	1132	1096	53	0.2587
7JUO	4BHW	F	A	Q	E	1104	1068	25	0.1164
7JUO	4BHW	F	A	L	H	1101	1065	22	0.0
7JUO	4BHW	F	A	W	L	1158	1122	79	0.2703
7JUO	4BHW	F	A	L	S	1090	1054	11	0.0222
7JUO	4BHW	F	A	E	Y	1107	1071	28	0.235
7JUO	4BHW	F	A	D	W	1127	1091	48	0.5629
7JUO	4BHW	F	A	E	D	1188	1152	109	0.3716
7JUO	4BHW	F	A	Y	W	1167	1131	88	0.2009
7JUO	4BHW	F	A	V	M	1192	1156	113	0.1875
7JUO	4BHW	F	A	I	Y	1122	1086	43	0.2637
7JUO	4BHW	F	A	R	M	1112	1076	33	0.0581
7JUO	4BHW	F	A	P	F	1123	1087	44	0.6084
7JUO	4BHW	F	A	L	H	1166	1130	87	0.5833
7JUO	4BHW	F	A	K	Q	1086	1050	7	0.5545
7JUO	4BHW	F	A	D	Y	1155	1119	76	0.5695
7JUO	4BHW	F	A	Y	F	1125	1089	46	0.083
7JUO	4BHW	F	A	T	V	1137	1101	58	0.137
7JUO	4BHW	F	A	D	A	1143	1107	64	0.1325
7JUO	4BHW	F	A	P	Y	1106	1070	27	0.4545
7JUO	4BHW	F	A	F	V	1111	1075	32	0.0688
7JUO	4BHW	F	A	K	W	1180	1144	101	0.3223
7JUO	4BHW	F	A	P	V	1110	1074	31	0.2797
7JUO	4BHW	F	A	E	H	1183	1147	104	0.6011
7JUO	4BHW	F	A	M	H	1095	1059	16	0.049
7JUO	4BHW	F	A	V	Q	1154	1118	75	0.1437
7JUO	4BHW	F	A	E	V	1089	1053	10	0.4317
7JUO	4BHW	F	A	S	T	1172	1136	93	0.3197
7JUO	4BHW	F	A	T	R	1171	1135	92	0.8493
7JUO	4BHW	F	A	F	V	1126	1090	47	0.0413
7JUO	4BHW	F	A	L	V	1119	1083	40	0.3833
7JUO	4BHW	F	A	K	D	1176	1140	97	0.673
7JUO	4BHW	F	A	D	E	1156	1120	77	0.1391
7JUO	4BHW	F	A	I	S	1138	1102	59	0.0
7JUO	4BHW	F	A	E	L	1186	1150	107	0.5355
7JUO	4BHW	F	A	Q	Y	1194	1158	115	0.8889
7JUO	4BHW	F	A	N	K	1168	1132	89	0.2152
7JUO	4BHW	F	A	M	Y	1193	1157	114	0.3137
7JUO	4BHW	F	A	L	Y	1094	1058	15	0.0
7JUO	4BHW	F	A	Y	F	1175	1139	96	0.2009
7JUO	4BHW	F	A	M	T	1133	1097	54	0.1422
7JUO	4BHW	F	A	P	Q	1191	1155	112	0.5245
7JUO	4BHW	F	A	Y	F	1102	1066	23	0.0218
7JUO	4BHW	F	A	L	T	1181	1145	102	0.0
7A2U	3UF4	A	A	S	H	102	102	20	0.5902
7A2U	3UF4	A	A	L	V	101	101	19	0.1167
7A2U	3UF4	A	A	D	R	142	142	60	1.1391
7A2U	3UF4	A	A	K	D	105	105	23	0.7014
7A2U	3UF4	A	A	V	G	88	88	6	0.225
7A2U	3UF4	A	A	H	Q	104	104	22	0.634
7A2U	3UF4	A	A	F	M	103	103	21	0.0275
7A2U	3UF4	A	A	I	G	133	133	51	0.0
7A2U	3UF4	A	A	V	G	138	138	56	0.0813
7A2U	3UF4	A	A	Y	K	132	132	50	0.345
7A2U	3UF4	A	A	P	Q	140	140	58	0.4476
7A2U	3UF4	A	A	A	K	139	139	57	0.2566
7A2U	3UF4	A	A	Y	N	137	137	55	0.3668
7A2U	3UF4	A	A	V	C	141	141	59	0.3
7A2U	3UF4	A	A	A	Y	122	122	40	0.0
7A2U	3UF4	A	A	S	H	124	124	42	0.0164
7A2U	3UF4	A	A	T	Q	126	126	44	0.7329
7A2U	3UF4	A	A	N	D	136	136	54	0.8354
7A2U	3UF4	A	A	E	T	116	116	34	0.8087
7A2U	3UF4	A	A	K	D	108	108	26	0.4645
7A2U	3UF4	A	A	Y	Q	93	93	11	0.1528
7A2U	3UF4	A	A	L	N	86	86	4	0.2944
7A2U	3UF4	A	A	E	Q	121	121	39	0.3005
7A2U	3UF4	A	A	E	N	98	98	16	1.0929
7A2U	3UF4	A	A	P	Q	134	134	52	0.0839
7A2U	3UF4	A	A	S	T	135	135	53	0.1311
7A2U	3UF4	A	A	G	A	117	117	35	0.5529
7A2U	3UF4	A	A	L	D	90	90	8	0.3333
7A2U	3UF4	A	A	D	T	118	118	36	0.6689
7A2U	3UF4	A	A	L	M	125	125	43	0.4222
7A2U	3UF4	A	A	A	H	95	95	13	0.3097
7A2U	3UF4	A	A	W	Q	119	119	37	0.3707
7A2U	3UF4	A	A	R	M	96	96	14	0.3693
7A2U	3UF4	A	A	W	N	120	120	38	0.166
7A2U	3UF4	A	A	R	C	123	123	41	0.3817
7A2U	3UF4	A	A	F	Q	87	87	5	0.0872
7A2U	3UF4	A	A	G	R	131	131	49	0.0941
7CXD	7DF6	A	A	P	R	125	127	9	0.3916
7CXD	7DF6	A	A	F	G	169	171	53	0.0046
7CXD	7DF6	A	A	D	Y	166	168	50	0.2649
7CXD	7DF6	A	A	F	V	204	206	88	0.0138
7CXD	7DF6	A	A	I	A	146	148	30	0.0
7CXD	7DF6	A	A	V	Y	216	218	100	0.0
7CXD	7DF6	A	A	E	S	196	198	80	0.4754
7CXD	7DF6	A	A	T	N	187	189	71	0.0137
7CXD	7DF6	A	A	Y	V	233	235	117	0.0044
7CXD	7DF6	A	A	G	K	136	138	20	0.4588
7CXD	7DF6	A	A	H	W	235	237	119	0.0412
7CXD	7DF6	A	A	Q	D	199	201	83	0.3175
7CXD	7DF6	A	A	N	F	179	181	63	0.8861
7CXD	7DF6	A	A	P	L	173	175	57	0.0
7CXD	7DF6	A	A	F	K	171	173	55	0.0046
7CXD	7DF6	A	A	T	A	127	129	11	0.2877
7CXD	7DF6	A	A	D	T	219	221	103	0.755
7CXD	7DF6	A	A	C	Q	185	187	69	0.0214
7CXD	7DF6	A	A	I	N	252	254	136	0.011
7CXD	7DF6	A	A	F	E	175	177	59	0.078
7CXD	7DF6	A	A	G	R	247	249	131	0.0
7CXD	7DF6	A	A	H	W	220	222	104	0.1701
7CXD	7DF6	A	A	I	L	248	250	132	0.0
7CXD	7DF6	A	A	T	L	253	255	137	0.4932
7CXD	7DF6	A	A	E	V	197	199	81	0.4208
7CXD	7DF6	A	A	M	V	142	144	26	0.0392
7CXD	7DF6	A	A	M	Q	237	239	121	0.0735
7CXD	7DF6	A	A	E	S	217	219	101	0.3005
7CXD	7DF6	A	A	N	G	186	188	70	0.0253
7CXD	7DF6	A	A	W	Y	193	195	77	0.4208
7CXD	7DF6	A	A	Q	A	232	234	116	0.5132
7CXD	7DF6	A	A	G	I	137	139	21	0.0
7CXD	7DF6	A	A	N	Y	192	194	76	0.6835
7CXD	7DF6	A	A	N	M	191	193	75	0.6646
7CXD	7DF6	A	A	I	Y	157	159	41	0.0
7CXD	7DF6	A	A	N	E	176	178	60	0.6266
7CXD	7DF6	A	A	I	N	212	214	96	0.0
7CXD	7DF6	A	A	S	E	206	208	90	0.3689
7CXD	7DF6	A	A	L	C	215	217	99	0.1
7CXD	7DF6	A	A	M	W	139	141	23	0.1961
7CXD	7DF6	A	A	R	T	241	243	125	0.6639
7CXD	7DF6	A	A	E	I	205	207	89	0.5301
7CXD	7DF6	A	A	K	S	151	153	35	0.4408
7CXD	7DF6	A	A	P	L	209	211	93	0.6364
7CXD	7DF6	A	A	N	R	239	241	123	0.557
7CXD	7DF6	A	A	F	Y	161	163	45	0.0
7CXD	7DF6	A	A	F	H	221	223	105	0.0092
7CXD	7DF6	A	A	E	N	242	244	126	0.6995
7CXD	7DF6	A	A	H	V	229	231	113	0.5515
7CXD	7DF6	A	A	K	A	188	190	72	0.218
7CXD	7DF6	A	A	T	G	255	257	139	0.3356
7CXD	7DF6	A	A	R	V	174	176	58	0.2448
7CXD	7DF6	A	A	N	M	172	174	56	0.0823
7CXD	7DF6	A	A	P	V	135	137	19	0.8531
7CXD	7DF6	A	A	K	N	208	210	92	0.5829
7CXD	7DF6	A	A	A	M	168	170	52	0.0265
7CXD	7DF6	A	A	Q	H	213	215	97	0.1905
7CXD	7DF6	A	A	N	I	226	228	110	0.443
7CXD	7DF6	A	A	I	H	243	245	127	0.011
7CXD	7DF6	A	A	G	W	148	150	32	0.0118
7CXD	7DF6	A	A	R	S	236	238	120	0.3071
7CXD	7DF6	A	A	N	R	234	236	118	0.5253
7CXD	7DF6	A	A	P	L	133	135	17	0.3287
7CXD	7DF6	A	A	R	H	181	183	65	0.3693
7CXD	7DF6	A	A	V	N	138	140	22	0.0
7CXD	7DF6	A	A	Y	F	130	132	14	0.1179
7CXD	7DF6	A	A	Q	N	189	191	73	0.4339
7CXD	7DF6	A	A	S	T	244	246	128	0.5164
7CXD	7DF6	A	A	D	A	131	133	15	0.1457
7CXD	7DF6	A	A	G	L	250	252	134	0.2
7CXD	7DF6	A	A	N	I	165	167	49	0.7911
7CXD	7DF6	A	A	V	N	150	152	34	0.0063
7CXD	7DF6	A	A	H	G	259	261	143	0.433
7CXD	7DF6	A	A	D	H	190	192	74	0.8675
7CXD	7DF6	A	A	Q	I	245	247	129	0.2804
7CXD	7DF6	A	A	L	S	246	248	130	0.0
7CXD	7DF6	A	A	I	F	183	185	67	0.0
7CXD	7DF6	A	A	R	W	180	182	64	0.2863
7CXD	7DF6	A	A	D	N	251	253	135	0.3311
7CXD	7DF6	A	A	A	D	218	220	102	0.5929
7CXD	7DF6	A	A	P	I	129	131	13	0.2657
7CXD	7DF6	A	A	A	I	224	226	108	0.1681
7CXD	7DF6	A	A	M	E	261	263	145	0.5392
7CXD	7DF6	A	A	A	T	154	156	38	0.0885
7CXD	7DF6	A	A	L	M	240	242	124	0.0556
7CXD	7DF6	A	A	L	A	159	161	43	0.0056
7CXD	7DF6	A	A	H	C	170	172	54	0.1082
7BJY	2WP2	B	A	L	Q	125	129	101	0.1778
7BJY	2WP2	B	A	E	M	84	88	60	0.224
7BJY	2WP2	B	A	L	Y	35	39	11	0.0
7BJY	2WP2	B	A	K	T	124	128	100	0.6351
7BJY	2WP2	B	A	N	V	104	108	80	0.0949
7DTM	4UBQ	A	A	L	A	12	13	12	0.2778
7DTM	4UBQ	A	A	F	S	63	64	63	0.0
7DTM	4UBQ	A	A	P	W	162	163	162	0.028
7DTM	4UBQ	A	A	W	D	147	148	147	0.0232
7DTM	4UBQ	A	A	G	H	164	165	164	0.3059
7DTM	4UBQ	A	A	K	G	107	108	107	0.6919
7DTM	4UBQ	A	A	R	K	66	67	66	0.5187
7DTM	4UBQ	A	A	K	M	127	128	127	0.6967
7DTM	4UBQ	A	A	P	K	137	138	137	0.2308
7DTM	4UBQ	A	A	K	Q	33	34	33	0.0047
7DTM	4UBQ	A	A	H	V	19	20	19	0.0
7DTM	4UBQ	A	A	K	D	8	9	8	0.3981
7DTM	4UBQ	A	A	S	V	82	83	82	0.0
7DTM	4UBQ	A	A	E	G	211	212	211	0.3169
7DTM	4UBQ	A	A	K	N	58	59	58	0.4597
7DTM	4UBQ	A	A	K	Q	189	190	189	0.564
7DTM	4UBQ	A	A	A	C	44	45	44	0.0
7DTM	4UBQ	A	A	L	M	205	206	205	0.0333
7DTM	4UBQ	A	A	L	E	101	102	101	0.4722
7DTM	4UBQ	A	A	V	F	146	147	146	0.0
7DTM	4UBQ	A	A	W	C	28	29	28	0.583
7DTM	4UBQ	A	A	I	C	70	71	70	0.0659
7DTM	4UBQ	A	A	V	A	30	31	30	0.075
7DTM	4UBQ	A	A	P	L	135	136	135	0.042
7DTM	4UBQ	A	A	A	L	190	191	190	0.0708
7DTM	4UBQ	A	A	T	N	102	103	102	0.0
7DTM	4UBQ	A	A	V	M	132	133	132	0.0125
7DTM	4UBQ	A	A	I	H	86	87	86	0.0165
7DTM	4UBQ	A	A	W	L	62	63	62	0.2819
7DTM	4UBQ	A	A	G	Q	166	167	166	0.3765
7DTM	4UBQ	A	A	T	H	52	53	52	0.3904
7DTM	4UBQ	A	A	N	I	103	104	103	0.0633
7DTM	4UBQ	A	A	F	S	78	79	78	0.0826
7DTM	4UBQ	A	A	L	M	7	8	7	0.1333
7DTM	4UBQ	A	A	E	W	174	175	174	0.7432
7DTM	4UBQ	A	A	S	V	119	120	119	0.6311
7DTM	4UBQ	A	A	F	I	133	134	133	0.0183
7DTM	4UBQ	A	A	I	V	47	48	47	0.0
7DTM	4UBQ	A	A	D	T	55	56	55	0.1457
7DTM	4UBQ	A	A	E	V	24	25	24	0.4973
7DTM	4UBQ	A	A	D	Y	48	49	48	0.0
7DTM	4UBQ	A	A	D	Q	6	7	6	0.8477
7DTM	4UBQ	A	A	A	H	114	115	114	0.0619
7DTM	4UBQ	A	A	D	K	81	82	81	0.1192
7DTM	4UBQ	A	A	V	S	214	215	214	0.3688
7DTM	4UBQ	A	A	Y	H	123	124	123	0.31
7DTM	4UBQ	A	A	S	W	196	197	196	0.0
7DTM	4UBQ	A	A	V	M	31	32	31	0.1437
7DTM	4UBQ	A	A	A	F	213	214	213	0.0
7DTM	4UBQ	A	A	V	M	60	61	60	0.0312
7DTM	4UBQ	A	A	K	Q	108	109	108	0.8199
7DTM	4UBQ	A	A	S	E	179	180	179	0.041
7DTM	4UBQ	A	A	F	E	51	52	51	0.0917
7DTM	4UBQ	A	A	L	S	217	218	217	0.3111
7DTM	4UBQ	A	A	V	D	126	127	126	0.1437
7DTM	4UBQ	A	A	L	M	125	126	125	0.1111
7DTM	4UBQ	A	A	A	V	180	181	180	0.0177
7DTM	4UBQ	A	A	L	H	4	5	4	0.5056
7DTM	4UBQ	A	A	E	G	131	132	131	0.1093
7DTM	4UBQ	A	A	P	I	50	51	50	0.0
7DTM	4UBQ	A	A	S	M	99	100	99	0.0656
7DTM	4UBQ	A	A	K	T	129	130	129	0.2986
7DTM	4UBQ	A	A	S	M	220	221	220	0.9098
7DTM	4UBQ	A	A	P	H	5	6	5	0.1189
7DTM	4UBQ	A	A	S	N	204	205	204	0.4836
7DTM	4UBQ	A	A	E	T	10	11	10	0.4863
7DTM	4UBQ	A	A	E	V	104	105	104	0.5683
7DTM	4UBQ	A	A	F	Y	118	119	118	0.0872
7DTM	4UBQ	A	A	T	E	209	210	209	0.0068
7DTM	4UBQ	A	A	V	G	18	19	18	0.0813
7DTM	4UBQ	A	A	V	E	37	38	37	0.0
7DTM	4UBQ	A	A	E	K	150	151	150	0.6503
7DTM	4UBQ	A	A	D	I	142	143	142	0.0
7DTM	4UBQ	A	A	V	L	38	39	38	0.0563
7DTM	4UBQ	A	A	G	Q	84	85	84	0.2941
7DTM	4UBQ	A	A	Y	G	68	69	68	0.2533
7DTM	4UBQ	A	A	Y	W	97	98	97	0.1965
7DTM	4UBQ	A	A	Y	H	134	135	134	0.262
7DTM	4UBQ	A	A	T	L	56	57	56	0.0
7DTM	4UBQ	A	A	V	Q	40	41	40	0.0813
7DTM	4UBQ	A	A	V	N	112	113	112	0.4125
7DTM	4UBQ	A	A	S	H	185	186	185	0.7623
7DTM	4UBQ	A	A	N	S	143	144	143	0.019
7DTM	4UBQ	A	A	L	W	206	207	206	0.0222
7DTM	4UBQ	A	A	V	W	145	146	145	0.0
7DTM	4UBQ	A	A	Y	T	17	18	17	0.1659
7DTM	4UBQ	A	A	S	H	21	22	21	0.0
7DTM	4UBQ	A	A	Q	G	212	213	212	0.1323
7DTM	4UBQ	A	A	G	I	29	30	29	0.2
7DTM	4UBQ	A	A	K	H	69	70	69	0.6209
7DTM	4UBQ	A	A	G	F	157	158	157	0.0
7DTM	4UBQ	A	A	T	K	140	141	140	0.0
7DTM	4UBQ	A	A	A	M	171	172	171	0.2478
7DTM	4UBQ	A	A	L	Y	165	166	165	0.0889
7DTM	4UBQ	A	A	W	R	124	125	124	0.3282
7DTM	4UBQ	A	A	L	C	183	184	183	0.0056
7DTM	4UBQ	A	A	L	D	192	193	192	0.2222
7DTM	4UBQ	A	A	C	V	158	159	158	0.0214
7DTM	4UBQ	A	A	G	E	85	86	85	0.0
7DTM	4UBQ	A	A	Q	M	113	114	113	0.3862
7DTM	4UBQ	A	A	S	L	198	199	198	0.1803
7DTM	4UBQ	A	A	L	A	59	60	59	0.0
7DTM	4UBQ	A	A	E	G	14	15	14	0.7049
7DTM	4UBQ	A	A	G	T	35	36	35	0.0
7DTM	4UBQ	A	A	I	Y	74	75	74	0.0
7DTM	4UBQ	A	A	I	C	153	154	153	0.0
7DTM	4UBQ	A	A	H	S	79	80	79	0.1392
7DTM	4UBQ	A	A	G	Y	27	28	27	0.9882
7DTM	4UBQ	A	A	K	Q	152	153	152	0.4123
7DTM	4UBQ	A	A	S	Y	80	81	80	0.5
7DTM	4UBQ	A	A	T	G	20	21	20	0.0479
7DTM	4UBQ	A	A	L	F	154	155	154	0.0
7DTM	4UBQ	A	A	V	A	121	122	121	0.5188
7DTM	4UBQ	A	A	E	Q	87	88	87	0.7104
7DTM	4UBQ	A	A	S	C	117	118	117	0.5574
7DTM	4UBQ	A	A	G	I	138	139	138	0.0
7DTM	4UBQ	A	A	H	N	139	140	139	0.0309
7DTM	4UBQ	A	A	D	F	170	171	170	0.4901
7DTM	4UBQ	A	A	V	W	193	194	193	0.0
7DTM	4UBQ	A	A	K	D	186	187	186	0.3175
7DTM	4UBQ	A	A	P	Q	95	96	95	0.3427
7DTM	4UBQ	A	A	A	W	203	204	203	0.2389
7DTM	4UBQ	A	A	K	Y	111	112	111	0.5308
7DTM	4UBQ	A	A	T	F	96	97	96	0.0
7DTM	4UBQ	A	A	H	M	34	35	34	0.0412
7DTM	4UBQ	A	A	N	I	116	117	116	0.3734
7DTM	4UBQ	A	A	N	C	172	173	172	0.3291
7DTM	4UBQ	A	A	W	S	88	89	88	0.1622
7DTM	4UBQ	A	A	K	I	71	72	71	0.3602
7DTM	4UBQ	A	A	K	R	11	12	11	0.6114
7DTM	4UBQ	A	A	P	T	149	150	149	0.2238
7DTM	4UBQ	A	A	L	D	46	47	46	0.0
7DTM	4UBQ	A	A	E	F	199	200	199	0.2951
7DTM	4UBQ	A	A	E	H	100	101	100	0.6503
7DTM	4UBQ	A	A	F	L	159	160	159	0.0046
7DTM	4UBQ	A	A	N	V	26	27	26	0.9241
7DTM	4UBQ	A	A	F	E	22	23	22	0.0734
7L1Z	5VQJ	A	A	G	D	186	159	160	0.5176
7L1Z	5VQJ	A	A	T	M	203	176	177	0.3151
7L1Z	5VQJ	A	A	N	A	230	203	204	0.6329
7L1Z	5VQJ	A	A	D	F	51	24	25	0.543
7L1Z	5VQJ	A	A	V	E	228	201	202	0.0187
7L1Z	5VQJ	A	A	S	M	102	75	76	0.1066
7L1Z	5VQJ	A	A	D	N	135	108	109	0.1921
7L1Z	5VQJ	A	A	F	M	229	202	203	0.3165
7L1Z	5VQJ	A	A	V	W	226	199	200	0.0
7L1Z	5VQJ	A	A	Y	N	153	126	127	0.0131
7L1Z	5VQJ	A	A	Y	V	127	100	101	0.0349
7L1Z	5VQJ	A	A	L	T	57	30	31	0.0
7L1Z	5VQJ	A	A	A	T	181	154	155	0.4867
7L1Z	5VQJ	A	A	Q	F	174	147	148	0.0529
7L1Z	5VQJ	A	A	E	A	227	200	201	0.0273
7L1Z	5VQJ	A	A	W	V	49	22	23	0.3861
7L1Z	5VQJ	A	A	I	G	206	179	180	0.6319
7L1Z	5VQJ	A	A	V	I	162	135	136	0.6312
7L1Z	5VQJ	A	A	D	Q	202	175	176	0.457
7L1Z	5VQJ	A	A	Y	C	156	129	130	0.2271
7L1Z	5VQJ	A	A	F	C	193	166	167	0.0
7L1Z	5VQJ	A	A	Y	A	76	49	50	0.0175
7L1Z	5VQJ	A	A	A	S	237	210	211	0.0
7L1Z	5VQJ	A	A	L	W	106	79	80	0.0
7L1Z	5VQJ	A	A	L	F	123	96	97	0.0
7L1Z	5VQJ	A	A	V	Y	241	214	215	0.0
7L1Z	5VQJ	A	A	Y	M	175	148	149	0.0175
7L1Z	5VQJ	A	A	T	R	145	118	119	0.3699
7L1Z	5VQJ	A	A	W	E	82	55	56	0.0232
7L1Z	5VQJ	A	A	F	S	65	38	39	0.0367
7L1Z	5VQJ	A	A	I	T	166	139	140	0.011
7L1Z	5VQJ	A	A	R	S	89	62	63	0.0124
7L1Z	5VQJ	A	A	P	W	169	142	143	0.6923
7L1Z	5VQJ	A	A	K	D	50	23	24	0.0616
7L1Z	5VQJ	A	A	G	D	73	46	47	0.6235
7L1Z	5VQJ	A	A	S	F	165	138	139	0.123
7L1Z	5VQJ	A	A	N	G	149	122	123	0.443
7L1Z	5VQJ	A	A	T	R	170	143	144	0.1233
7L1Z	5VQJ	A	A	F	Y	44	17	18	0.1055
7L1Z	5VQJ	A	A	N	T	96	69	70	0.6582
7L1Z	5VQJ	A	A	A	L	101	74	75	0.0
7L1Z	5VQJ	A	A	D	H	218	191	192	0.1788
7L1Z	5VQJ	A	A	K	E	178	151	152	0.218
7L1Z	5VQJ	A	A	S	C	154	127	128	0.1803
7L1Z	5VQJ	A	A	L	Q	224	197	198	0.0
7L1Z	5VQJ	A	A	N	D	212	185	186	0.1076
7L1Z	5VQJ	A	A	H	Y	36	9	10	0.4175
7L1Z	5VQJ	A	A	F	W	146	119	120	0.1284
7L1Z	5VQJ	A	A	P	Q	219	192	193	0.1259
7L1Z	5VQJ	A	A	Q	E	222	195	196	0.0
7L1Z	5VQJ	A	A	P	N	80	53	54	0.0
7L1Z	5VQJ	A	A	K	R	163	136	137	0.3744
7L1Z	5VQJ	A	A	G	N	72	45	46	0.3765
7L1Z	5VQJ	A	A	T	H	236	209	210	0.2055
7L1Z	5VQJ	A	A	G	V	79	52	53	0.0
7L1Z	5VQJ	A	A	I	D	104	77	78	0.0
7L1Z	5VQJ	A	A	Y	H	221	194	195	0.0568
7L1Z	5VQJ	A	A	G	Q	239	212	213	0.0824
7L1Z	5VQJ	A	A	G	F	110	83	84	0.0
7L1Z	5VQJ	A	A	H	M	40	13	14	0.2371
7L1Z	5VQJ	A	A	P	A	164	137	138	0.6853
7L1Z	5VQJ	A	A	I	K	151	124	125	0.1703
7L1Z	5VQJ	A	A	E	W	125	98	99	0.0765
7L1Z	5VQJ	A	A	S	M	137	110	111	0.0082
7L1Z	5VQJ	A	A	Y	Q	111	84	85	0.1004
7L1Z	5VQJ	A	A	Q	M	232	205	206	0.8148
7L1Z	5VQJ	A	A	Q	V	130	103	104	0.0
7L1Z	5VQJ	A	A	G	M	143	116	117	0.2471
7L1Z	5VQJ	A	A	P	V	136	109	110	0.042
7L1Z	5VQJ	A	A	D	Q	60	33	34	0.1656
7L1Z	5VQJ	A	A	D	Q	217	190	191	0.6623
7L1Z	5VQJ	A	A	P	M	231	204	205	0.0629
7L1Z	5VQJ	A	A	F	M	84	57	58	0.2798
7L1Z	5VQJ	A	A	L	T	129	102	103	0.0
7L1Z	5VQJ	A	A	D	W	119	92	93	0.4238
7L1Z	5VQJ	A	A	T	K	33	6	7	0.5822
7L1Z	5VQJ	A	A	G	H	52	25	26	0.2706
7L1Z	5VQJ	A	A	D	W	214	187	188	0.5166
7L1Z	5VQJ	A	A	D	I	86	59	60	0.3907
7L1Z	5VQJ	A	A	A	W	215	188	189	0.0796
7L1Z	5VQJ	A	A	H	E	83	56	57	0.2887
7L1Z	5VQJ	A	A	V	D	90	63	64	0.0688
7L1Z	5VQJ	A	A	I	W	128	101	102	0.0
7L1Z	5VQJ	A	A	N	Q	75	48	49	0.2215
7L1Z	5VQJ	A	A	W	M	200	173	174	0.0039
7L1Z	5VQJ	A	A	G	I	235	208	209	0.0941
7L1Z	5VQJ	A	A	K	T	198	171	172	0.5829
7L1Z	5VQJ	A	A	A	F	194	167	168	0.3363
7L1Z	5VQJ	A	A	R	W	157	130	131	0.2614
7L1Z	5VQJ	A	A	K	W	144	117	118	0.2986
7L1Z	5VQJ	A	A	V	S	77	50	51	0.1437
7L1Z	5VQJ	A	A	N	K	167	140	141	0.2785
7L1Z	5VQJ	A	A	D	T	188	161	162	0.1656
7L1Z	5VQJ	A	A	A	N	37	10	11	0.1062
7L1Z	5VQJ	A	A	V	E	67	40	41	0.0
7L1Z	5VQJ	A	A	L	M	207	180	181	0.1556
7L1Z	5VQJ	A	A	Y	D	173	146	147	0.1747
7L1Z	5VQJ	A	A	E	L	152	125	126	0.5191
7L1Z	5VQJ	A	A	H	A	122	95	96	0.0155
7L1Z	5VQJ	A	A	Y	S	142	115	116	0.5459
7L1Z	5VQJ	A	A	G	C	78	51	52	0.0
7L1Z	5VQJ	A	A	A	H	199	172	173	0.0177
7L1Z	5VQJ	A	A	Y	E	134	107	108	0.4934
7L1Z	5VQJ	A	A	D	L	139	112	113	0.596
7L1Z	5VQJ	A	A	Q	D	183	156	157	0.0847
7L1Z	5VQJ	A	A	S	W	238	211	212	0.1148
7L1Z	5VQJ	A	A	R	F	131	104	105	0.1618
7L1Z	5VQJ	A	A	G	R	150	123	124	0.8353
7L1Z	5VQJ	A	A	S	F	180	153	154	0.6803
7L1Z	5VQJ	A	A	F	Q	213	186	187	0.6606
7L1Z	5VQJ	A	A	G	Y	204	177	178	0.6235
7L1Z	5VQJ	A	A	T	N	133	106	107	0.6438
7L1Z	5VQJ	A	A	H	L	48	21	22	0.0
7L1Z	5VQJ	A	A	W	Y	205	178	179	0.0734
7L1Z	5VQJ	A	A	Y	C	74	47	48	0.3886
7L1Z	5VQJ	A	A	Q	F	70	43	44	0.3651
7L1Z	5VQJ	A	A	T	C	220	193	194	0.0068
7L1Z	5VQJ	A	A	P	V	179	152	153	0.014
7L1Z	5VQJ	A	A	V	H	197	170	171	0.2
7L1Z	5VQJ	A	A	I	K	192	165	166	0.1978
7L1Z	5VQJ	A	A	D	W	112	85	86	0.3311
7L1Z	5VQJ	A	A	Y	H	107	80	81	0.0655
7L1Z	5VQJ	A	A	R	I	160	133	134	0.3651
7L1Z	5VQJ	A	A	W	M	69	42	43	0.0579
7L1Z	5VQJ	A	A	I	N	91	64	65	0.0
7L1Z	5VQJ	A	A	G	V	168	141	142	0.1176
7L1Z	5VQJ	A	A	G	M	100	73	74	0.2235
7L1Z	5VQJ	A	A	D	K	195	168	169	0.3841
7L1Z	5VQJ	A	A	E	L	184	157	158	0.6339
7L1Z	5VQJ	A	A	I	E	159	132	133	0.3736
7L1Z	5VQJ	A	A	L	C	185	158	159	0.3444
7L1Z	5VQJ	A	A	Y	Q	103	76	77	0.0699
7L1Z	5VQJ	A	A	N	E	211	184	185	0.6456
7L1Z	5VQJ	A	A	Y	F	93	66	67	0.0044
7L1Z	5VQJ	A	A	V	A	223	196	197	0.0
7L1Z	5VQJ	A	A	T	C	171	144	145	0.2534
7L1Z	5VQJ	A	A	H	F	196	169	170	0.0
7L1Z	5VQJ	A	A	S	K	148	121	122	0.0246
7L1Z	5VQJ	A	A	K	E	113	86	87	0.6493
7A1V	4RCJ	A	A	H	C	512	491	127	0.866
7A1V	4RCJ	A	A	G	H	438	417	53	0.0
7A1V	4RCJ	A	A	L	C	534	513	149	0.3667
7A1V	4RCJ	A	A	N	K	525	504	140	0.6962
7A1V	4RCJ	A	A	M	K	449	428	64	0.1078
7A1V	4RCJ	A	A	I	D	500	479	115	0.3681
7A1V	4RCJ	A	A	H	S	437	416	52	0.6753
7A1V	4RCJ	A	A	V	Q	412	391	27	0.0063
7A1V	4RCJ	A	A	I	G	513	492	128	0.0769
7A1V	4RCJ	A	A	A	W	483	462	98	0.6106
7A1V	4RCJ	A	A	G	A	484	463	99	0.4471
7A1V	4RCJ	A	A	S	H	460	439	75	0.0082
7A1V	4RCJ	A	A	N	T	520	499	135	0.5063
7A1V	4RCJ	A	A	K	L	416	395	31	0.1185
7A1V	4RCJ	A	A	D	A	421	400	36	0.5166
7A1V	4RCJ	A	A	V	G	505	484	120	0.0
7A1V	4RCJ	A	A	P	D	454	433	69	0.1259
7A1V	4RCJ	A	A	S	A	464	443	79	0.1721
7A1V	4RCJ	A	A	V	Y	470	449	85	0.0
7A1V	4RCJ	A	A	R	A	514	493	129	0.4564
7A1V	4RCJ	A	A	K	H	452	431	67	0.327
7A1V	4RCJ	A	A	G	T	465	444	80	0.5059
7A1V	4RCJ	A	A	D	L	489	468	104	0.7616
7A1V	4RCJ	A	A	E	H	436	415	51	0.7049
7A1V	4RCJ	A	A	N	T	518	497	133	0.2025
7A1V	4RCJ	A	A	E	A	420	399	35	0.2896
7A1V	4RCJ	A	A	D	F	528	507	143	0.1391
7A1V	4RCJ	A	A	C	S	433	412	48	0.0429
7A1V	4RCJ	A	A	V	M	477	456	92	0.1
7A1V	4RCJ	A	A	D	C	422	401	37	0.053
7A1V	4RCJ	A	A	S	R	546	525	161	0.3033
7A1V	4RCJ	A	A	T	K	529	508	144	0.0959
7A1V	4RCJ	A	A	W	F	499	478	114	0.112
7A1V	4RCJ	A	A	R	C	447	426	62	0.6805
7A1V	4RCJ	A	A	V	W	461	440	76	0.0688
7A1V	4RCJ	A	A	G	T	453	432	68	0.2588
7A1V	4RCJ	A	A	W	Q	432	411	47	0.0463
7A1V	4RCJ	A	A	L	N	442	421	57	0.0
7A1V	4RCJ	A	A	S	Y	526	505	141	0.0574
7A1V	4RCJ	A	A	D	R	496	475	111	0.4768
7A1V	4RCJ	A	A	A	S	445	424	60	0.0088
7A1V	4RCJ	A	A	V	T	532	511	147	0.0125
7A1V	4RCJ	A	A	V	F	540	519	155	0.0
7A1V	4RCJ	A	A	G	D	410	389	25	0.0824
7A1V	4RCJ	A	A	T	V	524	503	139	0.1027
7A1V	4RCJ	A	A	Y	G	429	408	44	0.5459
7A1V	4RCJ	A	A	E	A	531	510	146	0.2131
7A1V	4RCJ	A	A	K	E	503	482	118	0.2464
7A1V	4RCJ	A	A	Q	W	509	488	124	0.4815
7A1V	4RCJ	A	A	K	H	440	419	55	0.5213
7A1V	4RCJ	A	A	L	A	457	436	72	0.0
7A1V	4RCJ	A	A	K	D	490	469	105	0.6114
7A1V	4RCJ	A	A	Q	L	530	509	145	0.2011
7A1V	4RCJ	A	A	K	G	542	521	157	0.128
7A1V	4RCJ	A	A	I	M	423	402	38	0.022
7A1V	4RCJ	A	A	R	V	511	490	126	0.1369
7A1V	4RCJ	A	A	F	S	467	446	82	0.0092
7A1V	4RCJ	A	A	H	F	424	403	39	0.5052
7A1V	4RCJ	A	A	K	N	492	471	107	0.6398
7A1V	4RCJ	A	A	F	S	501	480	116	0.1468
7A1V	4RCJ	A	A	L	S	458	437	73	0.0
7A1V	4RCJ	A	A	V	R	523	502	138	0.0063
7A1V	4RCJ	A	A	A	N	537	516	152	0.0
7A1V	4RCJ	A	A	N	C	439	418	54	0.0063
7A1V	4RCJ	A	A	I	M	543	522	158	0.2747
7A1V	4RCJ	A	A	E	T	535	514	150	0.5082
7A1V	4RCJ	A	A	G	V	493	472	108	0.0353
7A1V	4RCJ	A	A	S	V	426	405	41	0.0
7A1V	4RCJ	A	A	Q	G	488	467	103	0.2222
7A1V	4RCJ	A	A	P	G	533	512	148	0.1538
7A1V	4RCJ	A	A	S	N	419	398	34	0.0082
7A1V	4RCJ	A	A	H	W	466	445	81	0.299
7A1V	4RCJ	A	A	I	D	415	394	30	0.0
7A1V	4RCJ	A	A	I	V	544	523	159	0.0
7A1V	4RCJ	A	A	K	G	428	407	43	0.7299
7A1V	4RCJ	A	A	G	I	463	442	78	0.3294
7A1V	4RCJ	A	A	V	Y	497	476	112	0.0312
7A1V	4RCJ	A	A	P	Y	522	501	137	0.1608
7A1V	4RCJ	A	A	D	W	504	483	119	0.6225
7A1V	4RCJ	A	A	K	R	538	517	153	0.2322
7A1V	4RCJ	A	A	M	E	473	452	88	0.0
7A1V	4RCJ	A	A	N	L	507	486	122	0.2278
7A1V	4RCJ	A	A	I	W	427	406	42	0.2912
7A1V	4RCJ	A	A	F	I	413	392	28	0.0
7A1V	4RCJ	A	A	S	K	487	466	102	0.3607
7A1V	4RCJ	A	A	R	C	441	420	56	0.6432
7A1V	4RCJ	A	A	E	C	516	495	131	0.5027
7A1V	4RCJ	A	A	R	D	411	390	26	0.3527
7A1V	4RCJ	A	A	K	G	536	515	151	0.1754
7A1V	4RCJ	A	A	K	F	408	387	23	0.3981
7A1V	4RCJ	A	A	Y	N	418	397	33	0.2052
7A1V	4RCJ	A	A	L	A	515	494	130	0.0
7A1V	4RCJ	A	A	F	Y	459	438	74	0.0
7A1V	4RCJ	A	A	I	Y	431	410	46	0.1813
7JKW	2NXB	A	A	E	C	115	91	74	0.4699
7JKW	2NXB	A	A	N	I	135	111	94	0.0759
7JKW	2NXB	A	A	T	H	131	107	90	0.1712
7JKW	2NXB	A	A	V	Y	69	45	28	0.275
7JKW	2NXB	A	A	N	A	61	37	20	0.4177
7JKW	2NXB	A	A	F	G	79	55	38	0.3394
7JKW	2NXB	A	A	I	M	138	114	97	0.6099
7JKW	2NXB	A	A	E	M	167	143	126	0.7596
7JKW	2NXB	A	A	P	R	142	118	101	0.7692
7JKW	2NXB	A	A	M	F	105	81	64	0.0882
7JKW	2NXB	A	A	Q	H	85	61	44	0.6878
7JKW	2NXB	A	A	Q	F	62	38	21	0.2011
7JKW	2NXB	A	A	A	T	89	65	48	0.0885
7JKW	2NXB	A	A	Q	Y	159	135	118	0.455
7JKW	2NXB	A	A	Q	E	78	54	37	0.7725
7JKW	2NXB	A	A	A	L	150	126	109	0.0
7JKW	2NXB	A	A	T	W	109	85	68	0.0342
7JKW	2NXB	A	A	Y	S	119	95	78	0.0218
7JKW	2NXB	A	A	R	T	113	89	72	0.1162
7JKW	2NXB	A	A	F	W	83	59	42	0.0734
7JKW	2NXB	A	A	P	D	95	71	54	0.4825
7JKW	2NXB	A	A	H	R	77	53	36	0.2784
7JKW	2NXB	A	A	I	Q	110	86	69	0.0
7JKW	2NXB	A	A	T	S	73	49	32	0.1849
7JKW	2NXB	A	A	T	A	134	110	93	0.4521
7JKW	2NXB	A	A	F	K	133	109	92	0.0
7JKW	2NXB	A	A	Y	N	65	41	24	0.1354
7JKW	2NXB	A	A	L	N	153	129	112	0.0
7JKW	2NXB	A	A	A	N	152	128	111	0.3009
7JKW	2NXB	A	A	W	R	81	57	40	0.6718
7JKW	2NXB	A	A	K	W	155	131	114	0.6682
7JKW	2NXB	A	A	K	V	102	78	61	0.7156
7JKW	2NXB	A	A	Y	H	139	115	98	0.2882
7JKW	2NXB	A	A	G	N	108	84	67	0.1294
7JKW	2NXB	A	A	P	M	104	80	63	0.2378
7JKW	2NXB	A	A	V	G	147	123	106	0.025
7JKW	2NXB	A	A	K	R	76	52	35	0.7725
7JKW	2NXB	A	A	L	W	158	134	117	0.45
7JKW	2NXB	A	A	M	Q	149	125	108	0.1716
7JKW	2NXB	A	A	P	S	86	62	45	0.3287
7JKW	2NXB	A	A	R	A	58	34	17	0.3237
7JKW	2NXB	A	A	D	F	96	72	55	0.6225
7JKW	2NXB	A	A	M	R	107	83	66	0.0
7JKW	2NXB	A	A	N	A	93	69	52	0.8354
7JKW	2NXB	A	A	K	L	99	75	58	0.4787
7JKW	2NXB	A	A	C	A	136	112	95	0.0429
7JKW	2NXB	A	A	V	D	70	46	29	0.0
7JKW	2NXB	A	A	I	C	146	122	105	0.1923
7JKW	2NXB	A	A	Y	S	137	113	96	0.2838
7JKW	2NXB	A	A	I	Y	100	76	59	0.5165
7JKW	2NXB	A	A	P	T	82	58	41	0.2448
7JKW	2NXB	A	A	K	W	112	88	71	0.5308
7JKW	2NXB	A	A	E	W	154	130	113	0.2623
7JKW	2NXB	A	A	K	H	91	67	50	0.6682
7JKW	2NXB	A	A	D	T	106	82	65	0.0331
7JKW	2NXB	A	A	N	M	116	92	75	0.3671
7JKW	2NXB	A	A	W	I	75	51	34	0.3012
7JKW	2NXB	A	A	K	Y	141	117	100	0.7251
7JKW	2NXB	A	A	N	C	130	106	89	0.3291
7JKW	2NXB	A	A	V	T	87	63	46	0.25
7JKW	2NXB	A	A	D	N	144	120	103	0.4305
7JKW	2NXB	A	A	A	M	80	56	39	0.0
7JKW	2NXB	A	A	A	L	122	98	81	0.0885
7JKW	2NXB	A	A	L	H	114	90	73	0.0944
7JKW	2NXB	A	A	D	H	88	64	47	0.3576
7JKW	2NXB	A	A	Y	W	118	94	77	0.1441
7JKW	2NXB	A	A	Q	I	64	40	23	0.5503
7JKW	2NXB	A	A	F	C	157	133	116	0.0
7JKW	2NXB	A	A	E	L	124	100	83	0.3934
7JKW	2NXB	A	A	M	E	132	108	91	0.0245
7JKW	2NXB	A	A	K	M	72	48	31	0.6445
7JKW	2NXB	A	A	W	V	120	96	79	0.3784
7JKW	2NXB	A	A	C	F	125	101	84	0.0
7JKW	2NXB	A	A	L	Y	92	68	51	0.5278
7JKW	2NXB	A	A	D	E	128	104	87	0.0927
7JKW	2NXB	A	A	L	F	94	70	53	0.2722
7JKW	2NXB	A	A	F	N	129	105	88	0.0
7JKW	2NXB	A	A	Q	K	127	103	86	0.6085
7JKW	2NXB	A	A	D	V	145	121	104	0.8146
7JKW	2NXB	A	A	L	Q	148	124	107	0.5
7RJJ	5M38	A	A	Q	M	513	85	89	0.0159
7RJJ	5M38	A	A	L	C	446	18	22	0.2611
7RJJ	5M38	A	A	G	W	516	88	92	0.0353
7RJJ	5M38	A	A	R	S	530	102	106	0.278
7RJJ	5M38	A	A	N	H	533	105	109	0.0
7RJJ	5M38	A	A	D	M	460	32	36	0.4437
7RJJ	5M38	A	A	K	L	462	34	38	0.4787
7RJJ	5M38	A	A	I	A	461	33	37	0.0495
7RJJ	5M38	A	A	W	D	498	70	74	0.1583
7RJJ	5M38	A	A	E	N	517	89	93	0.3169
7RJJ	5M38	A	A	V	T	512	84	88	0.0125
7RJJ	5M38	A	A	S	Y	508	80	84	0.1475
7RJJ	5M38	A	A	P	Y	448	20	24	0.8392
7RJJ	5M38	A	A	T	H	475	47	51	0.0137
7RJJ	5M38	A	A	V	S	471	43	47	0.0
7RJJ	5M38	A	A	A	C	522	94	98	0.2035
7RJJ	5M38	A	A	T	G	451	23	27	0.6096
7RJJ	5M38	A	A	G	V	514	86	90	0.0118
7RJJ	5M38	A	A	K	L	447	19	23	0.2749
7RJJ	5M38	A	A	R	F	500	72	76	0.2075
7RJJ	5M38	A	A	W	F	444	16	20	0.4208
7RJJ	5M38	A	A	S	V	518	90	94	0.5738
7RJJ	5M38	A	A	R	A	534	106	110	0.1079
7RJJ	5M38	A	A	S	T	488	60	64	0.0
7RJJ	5M38	A	A	L	F	468	40	44	0.0
7RJJ	5M38	A	A	P	N	520	92	96	0.4615
7RJJ	5M38	A	A	N	Q	484	56	60	0.0633
7RJJ	5M38	A	A	G	N	479	51	55	0.7765
7RJJ	5M38	A	A	N	V	524	96	100	0.1962
7RJJ	5M38	A	A	S	Y	435	7	11	0.3115
7RJJ	5M38	A	A	A	V	492	64	68	0.0
7RJJ	5M38	A	A	G	L	442	14	18	0.5529
7RJJ	5M38	A	A	R	N	519	91	95	0.3485
7RJJ	5M38	A	A	D	L	501	73	77	0.6623
7RJJ	5M38	A	A	A	K	511	83	87	0.0
7RJJ	5M38	A	A	W	Q	467	39	43	0.1853
7RJJ	5M38	A	A	L	Y	438	10	14	0.0
7RJJ	5M38	A	A	R	E	496	68	72	0.0871
7RJJ	5M38	A	A	G	N	449	21	25	0.7412
7RJJ	5M38	A	A	I	R	469	41	45	0.022
7RJJ	5M38	A	A	E	T	528	100	104	0.7541
7RJJ	5M38	A	A	V	F	470	42	46	0.0063
7RJJ	5M38	A	A	P	K	542	114	118	0.2797
7RJJ	5M38	A	A	Q	W	485	57	61	0.1164
7RJJ	5M38	A	A	D	F	504	76	80	0.8411
7RJJ	5M38	A	A	V	A	495	67	71	0.0
7RJJ	5M38	A	A	L	E	487	59	63	0.1167
7RJJ	5M38	A	A	A	D	531	103	107	0.2478
7RJJ	5M38	A	A	D	R	525	97	101	0.9536
7RJJ	5M38	A	A	R	V	432	4	8	0.61
7RJJ	5M38	A	A	D	I	497	69	73	0.3775
7RJJ	5M38	A	A	T	K	526	98	102	0.3493
7RJJ	5M38	A	A	E	N	537	109	113	0.2404
7RJJ	5M38	A	A	L	C	489	61	65	0.0778
7RJJ	5M38	A	A	G	F	529	101	105	0.0471
7RJJ	5M38	A	A	K	S	452	24	28	0.872
7RJJ	5M38	A	A	R	C	535	107	111	0.0332
7RJJ	5M38	A	A	M	C	499	71	75	0.0
7RJJ	5M38	A	A	F	A	510	82	86	0.0138
7RJJ	5M38	A	A	C	V	509	81	85	0.0286
7RJJ	5M38	A	A	T	E	502	74	78	0.589
7RJJ	5M38	A	A	V	Y	541	113	117	0.0
7RJJ	5M38	A	A	H	I	474	46	50	0.0309
7RJJ	5M38	A	A	L	W	458	30	34	0.1444
7RJJ	5M38	A	A	F	G	439	11	15	0.0092
7RJJ	5M38	A	A	G	A	503	75	79	0.0471
7RJJ	5M38	A	A	V	R	536	108	112	0.0
7RJJ	5M38	A	A	P	C	506	78	82	0.5105
7RJJ	5M38	A	A	D	H	440	12	16	0.5166
7RJJ	5M38	A	A	A	E	463	35	39	0.6903
7RJJ	5M38	A	A	G	A	473	45	49	0.0
7RJJ	5M38	A	A	G	C	466	38	42	0.2941
7RJJ	5M38	A	A	I	M	538	110	114	0.011
7RJJ	5M38	A	A	L	G	454	26	30	0.0167
7RJJ	5M38	A	A	K	E	443	15	19	0.5166
7RJJ	5M38	A	A	L	Q	433	5	9	0.0556
7RJJ	5M38	A	A	S	Q	539	111	115	0.1475
7RJJ	5M38	A	A	E	W	493	65	69	0.2404
7RJJ	5M38	A	A	K	F	490	62	66	0.3128
7RJJ	5M38	A	A	L	Y	540	112	116	0.0111
7RJJ	5M38	A	A	D	F	476	48	52	0.053
7RJJ	5M38	A	A	Y	H	515	87	91	0.0611
7RJJ	5M38	A	A	V	G	455	27	31	0.3375
7RJJ	5M38	A	A	R	S	491	63	67	0.0041
7DW4	5G5E	A	A	K	W	175	175	181	0.5687
7DW4	5G5E	A	A	I	F	22	22	28	0.0
7DW4	5G5E	A	A	P	F	90	90	96	0.6084
7DW4	5G5E	A	A	Y	D	158	158	164	0.048
7DW4	5G5E	A	A	P	D	50	50	56	0.4895
7DW4	5G5E	A	A	R	Q	97	97	103	0.4108
7DW4	5G5E	A	A	L	N	38	38	44	0.6667
7DW4	5G5E	A	A	A	K	162	162	168	0.0
7DW4	5G5E	A	A	K	F	41	41	47	0.545
7DW4	5G5E	A	A	L	W	103	103	109	0.0
7DW4	5G5E	A	A	A	M	217	217	223	0.3628
7DW4	5G5E	A	A	P	T	13	13	19	0.1748
7DW4	5G5E	A	A	D	T	92	92	98	0.457
7DW4	5G5E	A	A	K	S	143	143	149	0.5308
7DW4	5G5E	A	A	E	K	77	77	83	0.7049
7DW4	5G5E	A	A	I	S	156	156	162	0.011
7DW4	5G5E	A	A	A	S	125	125	131	0.3717
7DW4	5G5E	A	A	L	M	58	58	64	0.0
7DW4	5G5E	A	A	A	S	96	96	102	0.0531
7DW4	5G5E	A	A	K	M	7	7	13	0.2938
7DW4	5G5E	A	A	S	M	28	28	34	0.9344
7DW4	5G5E	A	A	P	V	208	208	214	0.0699
7DW4	5G5E	A	A	E	Q	132	132	138	0.6066
7DW4	5G5E	A	A	W	A	12	12	18	0.3398
7DW4	5G5E	A	A	K	S	212	212	218	0.4645
7DW4	5G5E	A	A	G	Y	131	131	137	0.0118
7DW4	5G5E	A	A	V	M	51	51	57	0.7312
7DW4	5G5E	A	A	K	M	3	3	9	0.5403
7DW4	5G5E	A	A	L	T	45	45	51	0.0222
7DW4	5G5E	A	A	K	F	27	27	33	0.0711
7DW4	5G5E	A	A	P	Y	83	83	89	0.4825
7DW4	5G5E	A	A	V	H	57	57	63	0.0
7DW4	5G5E	A	A	H	A	60	60	66	0.2062
7DW4	5G5E	A	A	G	Y	153	153	159	0.0706
7DW4	5G5E	A	A	Y	S	31	31	37	0.1354
7DW4	5G5E	A	A	A	L	221	221	227	0.5841
7DW4	5G5E	A	A	E	L	211	211	217	0.5683
7DW4	5G5E	A	A	V	R	206	206	212	0.0563
7DW4	5G5E	A	A	D	E	89	89	95	0.4437
7DW4	5G5E	A	A	D	L	128	128	134	0.4305
7DW4	5G5E	A	A	A	N	100	100	106	0.0
7DW4	5G5E	A	A	V	I	203	203	209	0.0
7DW4	5G5E	A	A	D	R	104	104	110	0.2914
7DW4	5G5E	A	A	L	H	159	159	165	0.0333
7DW4	5G5E	A	A	G	E	164	164	170	0.0
7DW4	5G5E	A	A	L	A	34	34	40	0.3111
7DW4	5G5E	A	A	T	D	187	187	193	0.0
7DW4	5G5E	A	A	P	Q	109	109	115	0.3287
7DW4	5G5E	A	A	L	R	86	86	92	0.0833
7DW4	5G5E	A	A	V	N	29	29	35	0.1062
7DW4	5G5E	A	A	R	V	21	21	27	0.1701
7DW4	5G5E	A	A	D	H	76	76	82	0.1523
7DW4	5G5E	A	A	E	F	215	215	221	0.6339
7DW4	5G5E	A	A	A	C	115	115	121	0.8319
7DW4	5G5E	A	A	H	C	52	52	58	0.4845
7DW4	5G5E	A	A	K	R	148	148	154	0.3934
7DW4	5G5E	A	A	K	E	146	146	152	0.6588
7DW4	5G5E	A	A	L	W	190	190	196	0.0
7DW4	5G5E	A	A	E	L	209	209	215	0.6995
7DW4	5G5E	A	A	S	R	145	145	151	0.0328
7DW4	5G5E	A	A	R	A	93	93	99	0.278
7DW4	5G5E	A	A	L	I	69	69	75	0.1556
7DW4	5G5E	A	A	L	N	213	213	219	0.0278
7DW4	5G5E	A	A	Y	T	74	74	80	0.262
7DW4	5G5E	A	A	F	C	197	197	203	0.0
7DW4	5G5E	A	A	I	L	161	161	167	0.0055
7DW4	5G5E	A	A	G	Q	147	147	153	0.8941
7DW4	5G5E	A	A	E	W	35	35	41	0.6557
7DW4	5G5E	A	A	L	Y	8	8	14	0.0
7DW4	5G5E	A	A	P	M	64	64	70	0.4755
7DW4	5G5E	A	A	I	Q	71	71	77	0.0
7DW4	5G5E	A	A	P	G	87	87	93	0.2517
7DW4	5G5E	A	A	D	I	139	139	145	0.6689
7DW4	5G5E	A	A	Y	N	102	102	108	0.2096
7DW4	5G5E	A	A	N	H	25	25	31	0.3608
7DW4	5G5E	A	A	C	E	66	66	72	0.2214
7DW4	5G5E	A	A	A	I	94	94	100	0.469
7DW4	5G5E	A	A	Q	L	129	129	135	0.4762
7DW4	5G5E	A	A	K	I	54	54	60	0.4976
7DW4	5G5E	A	A	L	T	167	167	173	0.0111
7DW4	5G5E	A	A	K	H	63	63	69	0.6493
7DW4	5G5E	A	A	R	N	19	19	25	0.0
7DW4	5G5E	A	A	G	H	10	10	16	0.0
7DW4	5G5E	A	A	D	S	160	160	166	0.0
7DW4	5G5E	A	A	L	D	170	170	176	0.0056
7DW4	5G5E	A	A	W	F	169	169	175	0.0927
7DW4	5G5E	A	A	G	D	157	157	163	0.0118
7DW4	5G5E	A	A	P	A	15	15	21	0.0559
7DW4	5G5E	A	A	V	H	17	17	23	0.0
7DW4	5G5E	A	A	K	L	204	204	210	0.5118
7DW4	5G5E	A	A	E	T	105	105	111	0.7432
7DW4	5G5E	A	A	S	W	14	14	20	0.1311
7DW4	5G5E	A	A	F	M	151	151	157	0.0505
7DW4	5G5E	A	A	P	K	56	56	62	0.028
7DW4	5G5E	A	A	G	L	178	178	184	0.8118
7DW4	5G5E	A	A	S	M	68	68	74	0.041
7DW4	5G5E	A	A	A	V	194	194	200	0.0177
7DW4	5G5E	A	A	A	W	11	11	17	0.3274
7DW4	5G5E	A	A	M	W	18	18	24	0.0049
7DW4	5G5E	A	A	G	S	39	39	45	1.0471
7DW4	5G5E	A	A	L	E	136	136	142	0.4556
7DW4	5G5E	A	A	F	W	216	216	222	0.2477
7DW4	5G5E	A	A	L	K	46	46	52	0.3167
7DW4	5G5E	A	A	I	E	75	75	81	0.0
7DW4	5G5E	A	A	E	M	120	120	126	0.6885
7DW4	5G5E	A	A	A	S	122	122	128	0.3451
7DW4	5G5E	A	A	W	Y	193	193	199	0.0077
7DW4	5G5E	A	A	F	W	163	163	169	0.0046
7DW4	5G5E	A	A	K	C	218	218	224	0.5403
7DW4	5G5E	A	A	K	S	53	53	59	0.4265
7DW4	5G5E	A	A	E	S	121	121	127	0.8962
7DW4	5G5E	A	A	L	C	134	134	140	0.0
7DW4	5G5E	A	A	A	C	117	117	123	0.1858
7DW4	5G5E	A	A	V	F	130	130	136	0.0
7DW4	5G5E	A	A	P	F	201	201	207	0.6503
7DW4	5G5E	A	A	F	L	166	166	172	0.0
7DW4	5G5E	A	A	A	M	202	202	208	0.0796
7DW4	5G5E	A	A	E	M	32	32	38	0.4317
7DW4	5G5E	A	A	K	A	180	180	186	0.7062
7DW4	5G5E	A	A	G	E	82	82	88	0.2824
7DW4	5G5E	A	A	T	D	37	37	43	0.6849
7DW4	5G5E	A	A	Y	I	91	91	97	0.5197
7DW4	5G5E	A	A	F	R	98	98	104	0.555
7DW4	5G5E	A	A	P	V	188	188	194	0.3147
7DW4	5G5E	A	A	E	I	36	36	42	0.1421
7DW4	5G5E	A	A	S	Q	48	48	54	0.1148
7DW4	5G5E	A	A	I	M	59	59	65	0.0659
7DW4	5G5E	A	A	K	V	192	192	198	0.7062
7DW4	5G5E	A	A	V	A	179	179	185	0.275
7DW4	5G5E	A	A	A	N	101	101	107	0.4602
7DW4	5G5E	A	A	K	S	124	124	130	0.5166
7DW4	5G5E	A	A	D	W	5	5	11	0.6225
7DW4	5G5E	A	A	W	M	79	79	85	0.1969
7DW4	5G5E	A	A	V	F	6	6	12	0.0187
7DW4	5G5E	A	A	E	Y	174	174	180	0.1475
7DW4	5G5E	A	A	L	Q	24	24	30	0.0
7DW4	5G5E	A	A	K	E	106	106	112	0.5308
7DW4	5G5E	A	A	T	N	210	210	216	0.137
7DW4	5G5E	A	A	L	C	44	44	50	0.3833
6ZSX	1CBI	A	A	Q	F	45	45	49	0.1481
6ZSX	1CBI	A	A	D	W	127	126	131	0.6556
6ZSX	1CBI	A	A	C	V	95	95	99	0.0
6ZSX	1CBI	A	A	K	W	30	30	34	0.5118
6ZSX	1CBI	A	A	Q	A	97	97	101	0.1005
6ZSX	1CBI	A	A	E	K	13	13	17	0.6175
6ZSX	1CBI	A	A	L	Q	100	100	104	0.5889
6ZSX	1CBI	A	A	F	Q	65	65	69	0.0413
6ZSX	1CBI	A	A	A	T	32	32	36	0.2566
6ZSX	1CBI	A	A	N	W	64	64	68	0.6709
6ZSX	1CBI	A	A	A	D	36	36	40	0.0177
6ZSX	1CBI	A	A	P	Y	1	1	5	0.8392
6ZSX	1CBI	A	A	V	M	128	127	132	0.225
6ZSX	1CBI	A	A	L	T	22	22	26	0.0889
6ZSX	1CBI	A	A	R	W	136	135	140	0.4315
6ZSX	1CBI	A	A	L	E	113	113	117	0.1111
6ZSX	1CBI	A	A	E	F	72	72	76	0.4481
6ZSX	1CBI	A	A	T	N	61	61	65	0.3836
6ZSX	1CBI	A	A	K	W	8	8	12	0.218
6ZSX	1CBI	A	A	F	C	15	15	19	0.0367
6ZSX	1CBI	A	A	A	Q	35	35	39	0.3894
6ZSX	1CBI	A	A	V	C	76	76	80	0.3625
6ZSX	1CBI	A	A	I	G	63	63	67	0.1593
6ZSX	1CBI	A	A	W	S	109	109	113	0.0695
6ZSX	1CBI	A	A	L	C	19	19	23	0.0556
6ZSX	1CBI	A	A	V	Q	41	41	45	0.025
6ZSX	1CBI	A	A	T	A	56	56	60	0.1986
6ZSX	1CBI	A	A	W	N	7	7	11	0.0077
6ZSX	1CBI	A	A	N	H	25	25	29	0.5696
6ZSX	1CBI	A	A	K	L	92	92	96	0.2085
6ZSX	1CBI	A	A	S	N	37	37	41	0.7213
6ZSX	1CBI	A	A	D	A	77	77	81	0.3841
6ZSX	1CBI	A	A	E	W	88	88	92	0.6721
6ZSX	1CBI	A	A	D	G	116	116	120	0.9139
6ZSX	1CBI	A	A	W	S	87	87	91	0.3552
6ZSX	1CBI	A	A	V	S	33	33	37	0.375
6ZSX	1CBI	A	A	T	M	75	75	79	0.0479
6ZSX	1CBI	A	A	N	R	115	115	119	1.1203
6ZSX	1CBI	A	A	G	K	102	102	106	0.7765
6ZSX	1CBI	A	A	T	N	110	110	114	0.0959
6ZSX	1CBI	A	A	L	R	28	28	32	0.4389
6ZSX	1CBI	A	A	K	D	20	20	24	0.6303
6ZSX	1CBI	A	A	C	L	130	129	134	0.0
6ZSX	1CBI	A	A	M	E	27	27	31	0.5882
6ZSX	1CBI	A	A	E	A	90	90	94	0.9071
6ZSX	1CBI	A	A	N	T	91	91	95	0.3354
6ZSX	1CBI	A	A	V	T	58	58	62	0.8562
6ZSX	1CBI	A	A	T	G	122	121	126	0.1575
6ZSX	1CBI	A	A	N	Y	14	14	18	0.4051
6ZSX	1CBI	A	A	N	K	2	2	6	0.2785
6ZSX	1CBI	A	A	E	K	17	17	21	0.4918
6ZSX	1CBI	A	A	A	D	125	124	129	0.0
6ZSX	1CBI	A	A	L	N	99	99	103	0.2611
6ZSX	1CBI	A	A	K	E	66	66	70	0.3744
6ZSX	1CBI	A	A	V	K	135	134	139	0.2687
6ZSX	1CBI	A	A	T	C	60	60	64	0.5274
6ZSX	1CBI	A	A	E	R	69	69	73	0.5847
6ZSX	1CBI	A	A	K	D	38	38	42	0.3081
6ZSX	1CBI	A	A	F	G	71	71	75	0.1147
6ZSX	1CBI	A	A	L	Q	18	18	22	0.0056
6ZSX	1CBI	A	A	D	F	48	48	52	0.4106
6ZSX	1CBI	A	A	I	G	120	119	124	0.1978
6ZSX	1CBI	A	A	G	M	23	23	27	0.7647
6ZSX	1CBI	A	A	V	L	24	24	28	0.2125
6ZSX	1CBI	A	A	A	L	34	34	38	0.5929
6ZSX	1CBI	A	A	L	S	121	120	125	0.0722
6ZSX	1CBI	A	A	R	H	79	79	83	0.3444
6ZSX	1CBI	A	A	L	N	119	118	123	0.0
6ZSX	1CBI	A	A	G	V	47	47	51	0.7059
6ZSX	1CBI	A	A	F	W	3	3	7	0.0046
6ZSX	1CBI	A	A	V	S	129	128	133	0.4
6ZSX	1CBI	A	A	C	D	81	81	85	0.0071
6ZSX	1CBI	A	A	T	F	131	130	135	0.2329
6ZSX	1CBI	A	A	K	H	106	106	110	0.5735
6ZSX	1CBI	A	A	E	T	42	42	46	0.3333
6ZSX	1CBI	A	A	S	H	55	55	59	0.2541
6ZSX	1CBI	A	A	I	G	43	43	47	0.0165
6ZSX	1CBI	A	A	F	R	50	50	54	0.0092
6ZSX	1CBI	A	A	P	F	105	105	109	0.2238
6ZSX	1CBI	A	A	S	V	12	12	16	0.418
6ZSX	1CBI	A	A	I	K	52	52	56	0.0275
6ZSX	1CBI	A	A	K	G	53	53	57	0.3318
6ZSX	1CBI	A	A	E	Q	73	73	77	0.1749
6ZSX	1CBI	A	A	T	L	107	107	111	0.0685
6ZSX	1CBI	A	A	S	M	83	83	87	0.0
6ZSX	1CBI	A	A	R	W	29	29	33	0.1245
6ZSX	1CBI	A	A	E	R	112	112	116	0.3333
7DWG	4J2F	A	A	K	L	120	121	126	0.4502
7DWG	4J2F	A	A	I	T	53	54	59	0.1209
7DWG	4J2F	A	A	A	T	184	187	190	0.5044
7DWG	4J2F	A	A	V	I	57	58	63	0.0125
7DWG	4J2F	A	A	L	I	162	165	168	0.0
7DWG	4J2F	A	A	E	N	65	66	71	0.4044
7DWG	4J2F	A	A	H	Q	58	59	64	0.2113
7DWG	4J2F	A	A	S	W	12	13	18	0.1393
7DWG	4J2F	A	A	L	A	36	37	42	0.3889
7DWG	4J2F	A	A	E	S	30	31	36	0.5301
7DWG	4J2F	A	A	E	T	79	80	85	0.9399
7DWG	4J2F	A	A	V	A	55	56	61	0.0
7DWG	4J2F	A	A	P	N	200	203	206	0.1538
7DWG	4J2F	A	A	R	Q	90	91	96	0.2241
7DWG	4J2F	A	A	L	E	174	177	180	0.0389
7DWG	4J2F	A	A	P	Q	87	88	93	0.7063
7DWG	4J2F	A	A	P	T	193	196	199	0.4545
7DWG	4J2F	A	A	L	K	43	44	49	0.0
7DWG	4J2F	A	A	S	C	15	16	21	0.0
7DWG	4J2F	A	A	W	I	161	164	167	0.166
7DWG	4J2F	A	A	K	I	141	144	147	0.5213
7DWG	4J2F	A	A	L	D	182	185	188	0.0
7DWG	4J2F	A	A	P	D	84	85	90	0.2448
7DWG	4J2F	A	A	E	H	167	170	173	0.7432
7DWG	4J2F	A	A	G	R	144	147	150	0.3529
7DWG	4J2F	A	A	F	S	95	96	101	0.5229
7DWG	4J2F	A	A	Y	K	29	30	35	0.1921
7DWG	4J2F	A	A	L	R	129	130	135	0.0
7DWG	4J2F	A	A	K	M	23	24	29	0.455
7DWG	4J2F	A	A	K	Y	25	26	31	0.128
7DWG	4J2F	A	A	E	S	116	117	122	0.918
7DWG	4J2F	A	A	G	V	26	27	32	0.8118
7DWG	4J2F	A	A	D	G	86	87	92	0.4967
7DWG	4J2F	A	A	I	W	19	20	25	0.0934
7DWG	4J2F	A	A	V	H	171	174	177	0.3
7DWG	4J2F	A	A	L	D	83	84	89	0.0389
7DWG	4J2F	A	A	E	H	117	118	123	0.5847
7DWG	4J2F	A	A	T	G	76	77	82	0.3356
7DWG	4J2F	A	A	K	E	5	6	11	0.3081
7DWG	4J2F	A	A	P	I	62	63	68	0.4336
7DWG	4J2F	A	A	G	T	138	139	144	0.2
7DWG	4J2F	A	A	I	F	69	70	75	0.0
7DWG	4J2F	A	A	R	S	181	184	187	0.3527
7DWG	4J2F	A	A	K	G	130	131	136	0.2796
7DWG	4J2F	A	A	A	G	91	92	97	0.3805
7DWG	4J2F	A	A	D	C	35	36	41	0.5497
7DWG	4J2F	A	A	K	Q	196	199	202	0.5498
7DWG	4J2F	A	A	W	S	185	188	191	0.0232
7DWG	4J2F	A	A	A	W	207	210	213	0.5398
7DWG	4J2F	A	A	L	D	22	23	28	0.0
7DWG	4J2F	A	A	E	H	133	134	139	0.0109
7DWG	4J2F	A	A	L	T	70	71	76	0.0167
7DWG	4J2F	A	A	K	R	39	40	45	0.3412
7DWG	4J2F	A	A	A	F	93	94	99	0.0619
7DWG	4J2F	A	A	M	H	205	208	211	0.0196
7DWG	4J2F	A	A	P	A	11	12	17	0.014
7DWG	4J2F	A	A	K	R	51	52	57	0.436
7DWG	4J2F	A	A	F	T	143	146	149	0.0734
7DWG	4J2F	A	A	R	A	17	18	23	0.1079
7DWG	4J2F	A	A	G	D	8	9	14	0.0
7DWG	4J2F	A	A	E	G	75	76	81	0.694
7DWG	4J2F	A	A	L	A	44	45	50	0.3889
7DWG	4J2F	A	A	G	Y	170	173	176	0.7882
7DWG	4J2F	A	A	I	H	63	64	69	0.1374
7DWG	4J2F	A	A	E	D	134	135	140	0.5847
7DWG	4J2F	A	A	N	M	38	39	44	0.7595
7DWG	4J2F	A	A	E	D	127	128	133	0.4973
7DWG	4J2F	A	A	E	D	33	34	39	0.4645
7DWG	4J2F	A	A	E	I	166	169	172	0.0874
7DWG	4J2F	A	A	Y	Q	46	47	52	0.1397
7DWG	4J2F	A	A	L	G	56	57	62	0.0
7DWG	4J2F	A	A	L	K	82	83	88	0.0222
7DWG	4J2F	A	A	P	Y	180	183	186	0.5035
7DWG	4J2F	A	A	V	H	49	50	55	0.7375
7DWG	4J2F	A	A	F	E	14	15	20	0.3945
7DWG	4J2F	A	A	W	I	96	97	102	0.1158
7DWG	4J2F	A	A	P	F	78	79	84	0.5734
7DWG	4J2F	A	A	E	Y	191	194	197	0.4918
7DWG	4J2F	A	A	P	E	48	49	54	0.4895
7DWG	4J2F	A	A	L	N	24	25	30	0.2222
7DWG	4J2F	A	A	H	N	183	186	189	0.2835
7DWG	4J2F	A	A	G	R	145	148	151	0.2235
7DWG	4J2F	A	A	A	L	21	22	27	0.0088
7DWG	4J2F	A	A	V	E	173	176	179	0.0437
7DWG	4J2F	A	A	D	S	152	155	158	0.0
7DWG	4J2F	A	A	E	W	34	35	40	0.0383
7DWG	4J2F	A	A	S	A	40	41	46	0.1885
7DWG	4J2F	A	A	L	N	118	119	124	0.1167
7DWG	4J2F	A	A	E	D	71	72	77	0.2623
7DWG	4J2F	A	A	Y	A	31	32	37	0.3319
7DWG	4J2F	A	A	I	W	153	156	159	0.0055
7DWG	4J2F	A	A	L	I	6	7	12	0.0
7DWG	4J2F	A	A	R	H	94	95	100	0.3693
7DWG	4J2F	A	A	A	D	106	107	112	0.1681
7DWG	4J2F	A	A	G	V	59	60	65	0.6
7DWG	4J2F	A	A	D	I	102	103	108	0.649
7DWG	4J2F	A	A	N	E	80	81	86	0.5253
7DWG	4J2F	A	A	P	R	81	82	87	0.5594
7DWG	4J2F	A	A	S	G	66	67	72	0.082
7DWG	4J2F	A	A	D	K	139	142	145	0.9669
7DWG	4J2F	A	A	G	W	115	116	121	0.6471
7DWG	4J2F	A	A	E	L	119	120	125	0.7213
7DWG	4J2F	A	A	V	T	151	154	157	0.025
7DWG	4J2F	A	A	K	D	61	62	67	0.7014
7DWG	4J2F	A	A	K	L	52	53	58	0.5213
7DWG	4J2F	A	A	A	Q	121	122	127	0.0177
7DWG	4J2F	A	A	N	L	198	201	204	0.1899
7DWG	4J2F	A	A	N	Q	47	48	53	0.0443
7DWG	4J2F	A	A	P	W	54	55	60	0.035
7DWG	4J2F	A	A	E	I	197	200	203	0.7923
7DWG	4J2F	A	A	K	N	123	124	129	0.6351
7DWG	4J2F	A	A	P	Y	13	14	19	0.1399
7DWG	4J2F	A	A	W	G	20	21	26	0.0077
7DWG	4J2F	A	A	W	G	10	11	16	0.3012
7DWG	4J2F	A	A	N	E	188	191	194	0.3038
7DWG	4J2F	A	A	E	A	89	90	95	0.6339
7DWG	4J2F	A	A	D	V	203	206	209	0.7748
7DWG	4J2F	A	A	Y	M	72	73	78	0.2707
7DWG	4J2F	A	A	W	D	77	78	83	0.1892
7JT4	1F68	A	A	F	K	165	825	118	0.0183
7JT4	1F68	A	A	Y	M	74	734	27	0.0393
7JT4	1F68	A	A	V	I	134	794	87	0.1812
7JT4	1F68	A	A	Y	G	105	765	58	0.0568
7JT4	1F68	A	A	N	Q	143	803	96	0.1456
7JT4	1F68	A	A	K	S	170	830	123	0.6256
7JT4	1F68	A	A	I	A	109	769	62	0.0385
7JT4	1F68	A	A	K	G	168	828	121	0.436
7JT4	1F68	A	A	D	E	104	764	57	0.7748
7JT4	1F68	A	A	A	G	135	795	88	0.4336
7JT4	1F68	A	A	V	L	108	768	61	0.4125
7JT4	1F68	A	A	P	Q	103	763	56	0.6154
7JT4	1F68	A	A	C	K	144	804	97	0.0571
7JT4	1F68	A	A	N	F	148	808	101	0.1772
7JT4	1F68	A	A	K	E	78	738	31	0.5355
7JT4	1F68	A	A	P	I	92	752	45	0.1538
7JT4	1F68	A	A	D	S	151	811	104	0.9139
7JT4	1F68	A	A	T	H	117	777	70	0.274
7JT4	1F68	A	A	E	G	95	755	48	0.694
7JT4	1F68	A	A	L	W	77	737	30	0.0056
7JT4	1F68	A	A	Y	H	127	787	80	0.0175
7JT4	1F68	A	A	A	V	90	750	43	0.0
7JT4	1F68	A	A	R	C	121	781	74	0.2697
7JT4	1F68	A	A	L	S	115	775	68	0.0056
7JT4	1F68	A	A	F	I	164	824	117	0.1927
7JT4	1F68	A	A	Y	T	126	786	79	0.5371
7JT4	1F68	A	A	Y	S	147	807	100	0.2576
7JT4	1F68	A	A	Y	G	106	766	59	0.4454
7JT4	1F68	A	A	L	G	161	821	114	0.0
7JT4	1F68	A	A	L	W	169	829	122	0.0833
7JT4	1F68	A	A	E	W	120	780	73	0.6667
7JT4	1F68	A	A	C	Y	157	817	110	0.0143
7JT4	1F68	A	A	D	I	114	774	67	0.0596
7JT4	1F68	A	A	P	M	149	809	102	0.5524
7JT4	1F68	A	A	P	W	112	772	65	0.3217
7JT4	1F68	A	A	F	L	93	753	46	0.0642
7JT4	1F68	A	A	A	G	102	762	55	0.0796
7JT4	1F68	A	A	S	D	152	812	105	0.1066
7JT4	1F68	A	A	R	I	145	805	98	0.2075
7JT4	1F68	A	A	L	G	81	741	34	0.0056
7JT4	1F68	A	A	E	Q	162	822	115	0.2077
7JT4	1F68	A	A	A	Q	158	818	111	0.0
7JT4	1F68	A	A	H	Y	87	747	40	0.2474
7JT4	1F68	A	A	P	Q	96	756	49	0.4615
7JT4	1F68	A	A	V	R	97	757	50	0.2562
7JT4	1F68	A	A	F	K	133	793	86	0.0046
7JT4	1F68	A	A	D	F	136	796	89	0.0397
7JT4	1F68	A	A	R	N	125	785	78	0.4149
7JT4	1F68	A	A	M	N	118	778	71	0.0
7NIN	5NLT	A	A	S	K	77	78	77	0.459
7NIN	5NLT	A	A	E	C	63	64	63	0.0
7NIN	5NLT	A	A	P	G	81	82	81	0.007
7NIN	5NLT	A	A	W	H	218	222	218	0.1429
7NIN	5NLT	A	A	V	Y	52	53	52	0.0375
7NIN	5NLT	A	A	D	Q	58	59	58	0.1523
7NIN	5NLT	A	A	E	W	148	153	148	0.2896
7NIN	5NLT	A	A	N	Q	156	161	156	0.3418
7NIN	5NLT	A	A	G	N	93	97	93	0.0
7NIN	5NLT	A	A	P	V	134	139	134	0.4755
7NIN	5NLT	A	A	A	Q	183	189	183	0.823
7NIN	5NLT	A	A	V	E	115	119	115	0.0
7NIN	5NLT	A	A	N	L	42	42	42	0.0633
7NIN	5NLT	A	A	I	W	82	83	82	0.0
7NIN	5NLT	A	A	P	N	25	25	25	0.0839
7NIN	5NLT	A	A	Y	A	203	208	203	0.6332
7NIN	5NLT	A	A	P	N	196	201	196	0.4755
7NIN	5NLT	A	A	G	A	135	140	135	0.3412
7NIN	5NLT	A	A	F	C	187	192	187	0.0183
7NIN	5NLT	A	A	G	W	160	165	160	0.0
7NIN	5NLT	A	A	P	M	180	186	180	0.5804
7NIN	5NLT	A	A	F	N	163	168	163	0.0046
7NIN	5NLT	A	A	V	L	7	7	7	0.0
7NIN	5NLT	A	A	N	Y	19	19	19	0.5
7NIN	5NLT	A	A	F	Y	62	63	62	0.0
7NIN	5NLT	A	A	T	W	61	62	61	0.0
7NIN	5NLT	A	A	I	T	86	87	86	0.0
7NIN	5NLT	A	A	G	C	197	202	197	0.0824
7NIN	5NLT	A	A	D	E	72	73	72	0.5762
7NIN	5NLT	A	A	Y	W	164	169	164	0.0087
7NIN	5NLT	A	A	T	E	2	2	2	0.0274
7NIN	5NLT	A	A	Y	M	210	214	210	0.083
7NIN	5NLT	A	A	C	T	167	172	167	0.0
7NIN	5NLT	A	A	S	Q	36	36	36	0.1311
7NIN	5NLT	A	A	L	N	60	61	60	0.0
7NIN	5NLT	A	A	Q	E	169	174	169	0.0741
7NIN	5NLT	A	A	K	T	32	32	32	0.1801
7NIN	5NLT	A	A	R	I	23	23	23	0.029
7NIN	5NLT	A	A	E	F	142	147	142	0.0109
7NIN	5NLT	A	A	V	G	12	12	12	0.575
7NIN	5NLT	A	A	Y	R	191	196	191	0.0262
7NIN	5NLT	A	A	N	T	27	27	27	0.4367
7NIN	5NLT	A	A	I	K	73	74	73	0.0055
7NIN	5NLT	A	A	Y	I	65	66	65	0.0786
7NIN	5NLT	A	A	I	N	143	148	143	0.0
7NIN	5NLT	A	A	I	W	74	75	74	0.011
7NIN	5NLT	A	A	V	I	48	49	48	0.0375
7NIN	5NLT	A	A	A	R	161	166	161	0.0531
7NIN	5NLT	A	A	H	A	147	152	147	0.1237
7NIN	5NLT	A	A	A	L	114	118	114	0.0
7NIN	5NLT	A	A	D	I	116	120	116	0.2252
7NIN	5NLT	A	A	Q	M	162	167	162	0.0635
7NIN	5NLT	A	A	S	Y	166	171	166	0.041
7NIN	5NLT	A	A	I	H	119	123	119	0.2253
7NIN	5NLT	A	A	P	Y	26	26	26	0.7203
7NIN	5NLT	A	A	E	Y	103	107	103	0.2787
7NIN	5NLT	A	A	P	E	49	50	49	0.7832
7NIN	5NLT	A	A	G	S	11	11	11	0.4118
7NIN	5NLT	A	A	Q	E	14	14	14	0.381
7NIN	5NLT	A	A	A	G	87	88	87	0.0
7NIN	5NLT	A	A	S	Y	91	92	91	0.2459
7NIN	5NLT	A	A	P	S	37	37	37	0.6713
7NIN	5NLT	A	A	D	A	16	16	16	0.4238
7NIN	5NLT	A	A	P	D	157	162	157	0.5315
7NIN	5NLT	A	A	P	W	215	219	215	0.1958
7NIN	5NLT	A	A	D	I	71	72	71	0.2649
7NIN	5NLT	A	A	A	D	56	57	56	0.1858
7NIN	5NLT	A	A	L	G	118	122	118	0.0
7NIN	5NLT	A	A	G	A	15	15	15	0.3059
7NIN	5NLT	A	A	D	H	177	183	177	0.4106
7NIN	5NLT	A	A	K	D	100	104	100	0.0284
7NIN	5NLT	A	A	W	A	113	117	113	0.0695
7NIN	5NLT	A	A	P	D	213	217	213	0.014
7NIN	5NLT	A	A	D	A	13	13	13	0.1788
7NIN	5NLT	A	A	R	L	69	70	69	0.2116
7NIN	5NLT	A	A	R	I	140	145	140	0.0
7NIN	5NLT	A	A	F	E	200	205	200	0.1239
7NIN	5NLT	A	A	L	G	34	34	34	0.0889
7NIN	5NLT	A	A	W	T	64	65	64	0.0077
7NIN	5NLT	A	A	S	I	209	213	209	0.5328
7NIN	5NLT	A	A	W	K	8	8	8	0.0425
7NIN	5NLT	A	A	P	C	30	30	30	0.2028
7NIN	5NLT	A	A	G	N	123	127	123	0.0
7NIN	5NLT	A	A	G	F	57	58	57	0.4824
7NIN	5NLT	A	A	P	E	130	134	130	0.0
7NIN	5NLT	A	A	H	M	78	79	78	0.067
7NIN	5NLT	A	A	G	Q	95	99	95	0.5059
7NIN	5NLT	A	A	N	R	10	10	10	0.5696
7NIN	5NLT	A	A	I	A	198	203	198	0.0275
7NIN	5NLT	A	A	Y	I	137	142	137	0.0655
7NIN	5NLT	A	A	G	V	80	81	80	0.0
7NIN	5NLT	A	A	V	H	97	101	97	0.1938
7NIN	5NLT	A	A	V	T	217	221	217	0.3812
7NIN	5NLT	A	A	A	N	145	150	145	0.0
7NIN	5NLT	A	A	I	C	22	22	22	0.0055
7NIN	5NLT	A	A	Y	D	106	110	106	0.2576
7NIN	5NLT	A	A	R	A	159	164	159	0.2863
7NIN	5NLT	A	A	Y	D	21	21	21	0.0393
7NIN	5NLT	A	A	T	S	204	209	204	0.7055
7NIN	5NLT	A	A	V	L	9	9	9	0.075
7NIN	5NLT	A	A	V	D	43	43	43	0.4313
7NIN	5NLT	A	A	D	V	150	155	150	0.3907
7NIN	5NLT	A	A	S	M	194	199	194	0.8852
7NIN	5NLT	A	A	G	A	17	17	17	0.0
7NIN	5NLT	A	A	C	H	41	41	41	0.0
7NIN	5NLT	A	A	W	A	98	102	98	0.0
7EHF	4RWZ	A	A	A	Y	86	85	86	0.1239
7EHF	4RWZ	A	A	D	Y	147	146	147	0.2781
7EHF	4RWZ	A	A	A	K	152	151	152	0.4425
7EHF	4RWZ	A	A	I	C	53	52	53	0.0055
7EHF	4RWZ	A	A	L	T	168	167	168	0.0056
7EHF	4RWZ	A	A	P	N	73	72	73	0.6713
7EHF	4RWZ	A	A	S	W	110	109	110	0.6311
7EHF	4RWZ	A	A	L	T	156	155	156	0.0167
7EHF	4RWZ	A	A	D	A	49	48	49	0.6291
7EHF	4RWZ	A	A	L	V	82	81	82	0.0056
7EHF	4RWZ	A	A	A	V	175	174	175	0.1062
7EHF	4RWZ	A	A	F	W	83	82	83	0.0046
7EHF	4RWZ	A	A	R	E	38	37	38	0.4523
7EHF	4RWZ	A	A	V	T	84	83	84	0.0
7EHF	4RWZ	A	A	G	M	54	53	54	0.0
7EHF	4RWZ	A	A	T	K	103	102	103	0.0822
7EHF	4RWZ	A	A	L	Y	111	110	111	0.0944
7EHF	4RWZ	A	A	D	S	31	30	31	0.0331
7EHF	4RWZ	A	A	P	H	79	78	79	0.5175
7EHF	4RWZ	A	A	G	R	37	36	37	0.0
7EHF	4RWZ	A	A	R	W	127	126	127	0.2075
7EHF	4RWZ	A	A	A	E	96	95	96	0.354
7EHF	4RWZ	A	A	R	E	15	14	15	0.3444
7EHF	4RWZ	A	A	R	S	173	172	173	0.3859
7EHF	4RWZ	A	A	L	E	91	90	91	0.15
7EHF	4RWZ	A	A	G	L	155	154	155	0.4706
7EHF	4RWZ	A	A	F	T	39	38	39	0.1468
7EHF	4RWZ	A	A	S	R	66	65	66	0.0082
7EHF	4RWZ	A	A	N	R	105	104	105	0.1076
7EHF	4RWZ	A	A	E	V	19	18	19	0.5191
7EHF	4RWZ	A	A	T	K	14	13	14	0.3288
7EHF	4RWZ	A	A	A	D	81	80	81	0.0
7EHF	4RWZ	A	A	R	Q	71	70	71	0.5519
7EHF	4RWZ	A	A	G	H	77	76	77	0.0706
7EHF	4RWZ	A	A	L	F	95	94	95	0.0
7EHF	4RWZ	A	A	L	S	136	135	136	0.0
7EHF	4RWZ	A	A	P	A	107	106	107	0.0699
7EHF	4RWZ	A	A	K	V	72	71	72	0.8246
7EHF	4RWZ	A	A	I	G	30	29	30	0.0055
7EHF	4RWZ	A	A	D	I	36	35	36	0.3113
7EHF	4RWZ	A	A	L	I	159	158	159	0.2222
7EHF	4RWZ	A	A	L	Y	112	111	112	0.0167
7EHF	4RWZ	A	A	G	L	176	175	176	0.1882
7EHF	4RWZ	A	A	S	K	8	9	8	0.8033
7EHF	4RWZ	A	A	L	Q	117	116	117	0.3167
7EHF	4RWZ	A	A	A	S	114	113	114	0.0
7EHF	4RWZ	A	A	G	A	134	133	134	0.0941
7EHF	4RWZ	A	A	V	N	130	129	130	0.0063
7EHF	4RWZ	A	A	A	H	99	98	99	0.0
7EHF	4RWZ	A	A	R	W	153	152	153	0.7469
7EHF	4RWZ	A	A	G	Y	76	75	76	0.6118
7EHF	4RWZ	A	A	P	H	132	131	132	0.7133
7EHF	4RWZ	A	A	G	Y	133	132	133	0.6
7EHF	4RWZ	A	A	L	Q	123	122	123	0.0
7EHF	4RWZ	A	A	W	Q	108	107	108	0.4903
7EHF	4RWZ	A	A	E	I	178	177	178	0.3443
7EHF	4RWZ	A	A	L	A	154	153	154	0.1444
7EHF	4RWZ	A	A	L	I	18	17	18	0.0167
7EHF	4RWZ	A	A	W	L	11	12	11	0.5714
7EHF	4RWZ	A	A	T	H	34	33	34	0.0479
7EHF	4RWZ	A	A	E	H	94	93	94	0.1749
7EHF	4RWZ	A	A	Y	F	172	171	172	0.0
7EHF	4RWZ	A	A	L	Y	129	128	129	0.0222
7EHF	4RWZ	A	A	A	I	74	73	74	0.9292
7EHF	4RWZ	A	A	G	T	33	32	33	0.1412
7EHF	4RWZ	A	A	N	D	80	79	80	0.057
7EHF	4RWZ	A	A	A	C	171	170	171	0.1504
7EHF	4RWZ	A	A	A	F	44	43	44	0.0088
7EHF	4RWZ	A	A	T	F	50	49	50	0.0548
7EHF	4RWZ	A	A	Q	F	4	4	4	0.1217
7EHF	4RWZ	A	A	V	H	28	27	28	0.05
7EHF	4RWZ	A	A	E	I	135	134	135	0.3552
7EHF	4RWZ	A	A	P	Q	118	117	118	0.1399
7EHF	4RWZ	A	A	R	M	128	127	128	0.6183
7EHF	4RWZ	A	A	G	K	35	34	35	0.2588
7EHF	4RWZ	A	A	M	W	1	1	1	0.5784
7EHF	4RWZ	A	A	V	T	122	121	122	0.0063
7EHF	4RWZ	A	A	D	F	56	55	56	0.0728
7EHF	4RWZ	A	A	V	M	40	39	40	0.0
7EHF	4RWZ	A	A	P	D	92	91	92	0.1538
7JLZ	7EHF	A	A	L	Q	17	18	17	0.0056
7JLZ	7EHF	A	A	D	C	95	100	95	0.3245
7JLZ	7EHF	A	A	K	V	70	75	70	0.3649
7JLZ	7EHF	A	A	E	H	116	121	116	0.4372
7JLZ	7EHF	A	A	G	Q	32	33	32	0.1529
7JLZ	7EHF	A	A	T	W	33	34	33	0.0479
7JLZ	7EHF	A	A	G	A	104	109	104	0.6353
7JLZ	7EHF	A	A	T	F	98	103	98	0.0
7JLZ	7EHF	A	A	R	L	37	38	37	0.0871
7JLZ	7EHF	A	A	V	F	39	40	39	0.0
7JLZ	7EHF	A	A	A	V	43	44	43	0.0088
7JLZ	7EHF	A	A	I	L	52	53	52	0.0
7JLZ	7EHF	A	A	D	S	35	36	35	0.4106
7JLZ	7EHF	A	A	P	G	56	61	56	0.4685
7JLZ	7EHF	A	A	L	A	101	106	101	0.0667
7JLZ	7EHF	A	A	E	D	132	137	132	0.0219
7JLZ	7EHF	A	A	G	I	6	7	6	0.0471
7JLZ	7EHF	A	A	R	C	66	71	66	0.4025
7JLZ	7EHF	A	A	T	F	49	50	49	0.1027
7JLZ	7EHF	A	A	P	G	113	118	113	0.1469
7JLZ	7EHF	A	A	P	R	102	107	102	0.5105
7JLZ	7EHF	A	A	E	K	89	94	89	0.2295
7JLZ	7EHF	A	A	K	H	2	3	2	0.4028
7JLZ	7EHF	A	A	V	W	27	28	27	0.0375
7JLZ	7EHF	A	A	P	N	87	92	87	0.0839
7JLZ	7EHF	A	A	A	V	76	81	76	0.115
7JLZ	7EHF	A	A	I	F	54	55	54	0.0
7JLZ	7EHF	A	A	K	S	126	131	126	0.4218
7JLZ	7EHF	A	A	D	M	30	31	30	0.0
7JLZ	7EHF	A	A	L	D	31	32	31	0.0056
7JLZ	7EHF	A	A	G	Q	129	134	129	0.0118
7JLZ	7EHF	A	A	I	W	121	126	121	0.0055
7JLZ	7EHF	A	A	G	I	34	35	34	0.4941
7JLZ	7EHF	A	A	K	I	67	72	67	0.3175
7JLZ	7EHF	A	A	I	C	9	10	9	0.3736
7JLZ	7EHF	A	A	N	E	75	80	75	0.0696
7JLZ	7EHF	A	A	S	Q	105	110	105	0.1803
7JLZ	7EHF	A	A	E	C	16	17	16	0.5082
7JLZ	7EHF	A	A	E	I	84	89	84	0.5246
7JLZ	7EHF	A	A	L	H	106	111	106	0.0111
7JLZ	7EHF	A	A	Y	K	24	25	24	0.2052
7JLZ	7EHF	A	A	L	H	107	112	107	0.1444
7JLZ	7EHF	A	A	V	H	134	139	134	0.0125
7JLZ	7EHF	A	A	G	F	53	54	53	0.0
7JLZ	7EHF	A	A	K	S	44	45	44	0.4597
7JLZ	7EHF	A	A	L	R	90	95	90	0.0
7JLZ	7EHF	A	A	K	T	59	64	59	0.8009
7JLZ	7EHF	A	A	W	L	103	108	103	0.0309
7JLZ	7EHF	A	A	G	N	36	37	36	0.0
7JLZ	7EHF	A	A	A	I	94	99	94	0.0
